"","time","gold","silver"
"1","2002-01-01",166.01,183.09
"2","2002-01-02",166.15,180.99
"3","2002-01-03",165.74,183.91
"4","2002-01-04",166.16,185.6
"5","2002-01-07",166.01,186.3
"6","2002-01-08",166.19,185.23
"7","2002-01-09",168.89,188.04
"8","2002-01-10",171.12,187.64
"9","2002-01-11",171.31,187.57
"10","2002-01-14",170.1,180.29
"11","2002-01-15",169.51,181.9
"12","2002-01-16",171.3,182.18
"13","2002-01-17",169.58,177.52
"14","2002-01-18",168.82,173.53
"15","2002-01-21",168.82,173.53
"16","2002-01-22",167.96,171.29
"17","2002-01-23",166.24,170.18
"18","2002-01-24",166.01,170.7
"19","2002-01-25",166.43,171.99
"20","2002-01-28",166.1,169.82
"21","2002-01-29",167.83,171.62
"22","2002-01-30",168.14,171.55
"23","2002-01-31",168.15,168.76
"24","2002-02-01",170.47,172.37
"25","2002-02-04",172.46,171.67
"26","2002-02-05",177.82,175.76
"27","2002-02-06",177.35,174.49
"28","2002-02-07",178.73,173.69
"29","2002-02-08",180.99,178.09
"30","2002-02-11",178.88,176.53
"31","2002-02-12",179.19,179.36
"32","2002-02-13",178.42,180.2
"33","2002-02-14",178.55,181
"34","2002-02-15",177.78,181.25
"35","2002-02-18",177.78,181.25
"36","2002-02-19",174.66,178.66
"37","2002-02-20",174.08,175.95
"38","2002-02-21",174.62,176.88
"39","2002-02-22",174.63,175.97
"40","2002-02-25",174.3,174.84
"41","2002-02-26",177.46,177.16
"42","2002-02-27",176.52,177.25
"43","2002-02-28",176.82,180.13
"44","2002-03-01",177.61,182.13
"45","2002-03-04",176.86,183.55
"46","2002-03-05",175.26,181.69
"47","2002-03-06",174.97,180.7
"48","2002-03-07",172.95,178.71
"49","2002-03-08",172.84,179.72
"50","2002-03-11",173.46,178.95
"51","2002-03-12",174.99,179.48
"52","2002-03-13",175,180.68
"53","2002-03-14",173.53,179.57
"54","2002-03-15",172.88,179.3
"55","2002-03-18",174.22,179.73
"56","2002-03-19",174.64,180.54
"57","2002-03-20",174.29,180.95
"58","2002-03-21",174.72,179.96
"59","2002-03-22",177.4,181.24
"60","2002-03-25",177.55,182.87
"61","2002-03-26",177.02,183.08
"62","2002-03-27",180.18,186.88
"63","2002-03-28",180.42,185.69
"64","2002-03-29",180.42,185.69
"65","2002-04-01",180.76,187.73
"66","2002-04-02",182.43,189.61
"67","2002-04-03",180.36,186.43
"68","2002-04-04",179.48,184.76
"69","2002-04-05",178.89,182.97
"70","2002-04-08",179.1,182.6
"71","2002-04-09",178.04,182.14
"72","2002-04-10",179.83,184.94
"73","2002-04-11",180.13,183.19
"74","2002-04-12",180.08,183.6
"75","2002-04-15",178.8,177.93
"76","2002-04-16",178.09,176.15
"77","2002-04-17",180.07,177.95
"78","2002-04-18",181.5,179.91
"79","2002-04-19",180.2,180.12
"80","2002-04-22",180.58,181.77
"81","2002-04-23",181.19,182.9
"82","2002-04-24",181.31,182.55
"83","2002-04-25",183.58,184.86
"84","2002-04-26",185.67,186.19
"85","2002-04-29",185.34,185.58
"86","2002-04-30",183.98,181.4
"87","2002-05-01",184.11,181.21
"88","2002-05-02",183.64,181.74
"89","2002-05-03",185.97,183.82
"90","2002-05-06",185.41,183.73
"91","2002-05-07",185.65,184.53
"92","2002-05-08",183.64,182.67
"93","2002-05-09",184.42,184.35
"94","2002-05-10",185.32,186.07
"95","2002-05-13",185.16,183.59
"96","2002-05-14",183.21,183.6
"97","2002-05-15",184.05,184.8
"98","2002-05-16",184.77,185.33
"99","2002-05-17",185.25,185.94
"100","2002-05-20",188.31,190.55
"101","2002-05-21",188.44,193.15
"102","2002-05-22",189.75,192.96
"103","2002-05-23",192.43,195.84
"104","2002-05-24",191.19,194.25
"105","2002-05-27",191.19,194.25
"106","2002-05-28",193.31,194.69
"107","2002-05-29",194.09,197.21
"108","2002-05-30",194.04,198.82
"109","2002-05-31",194.53,201.1
"110","2002-06-03",194.67,202.64
"111","2002-06-04",195.34,204.45
"112","2002-06-05",191.36,197.28
"113","2002-06-06",193.57,199.28
"114","2002-06-07",193.34,198.69
"115","2002-06-10",189.86,196.01
"116","2002-06-11",190.47,194.82
"117","2002-06-12",190.83,196.17
"118","2002-06-13",189.3,192.88
"119","2002-06-14",190.08,193.6
"120","2002-06-17",189.1,192.56
"121","2002-06-18",190.06,193.48
"122","2002-06-19",190.42,193.41
"123","2002-06-20",192.45,194.57
"124","2002-06-21",193.29,193.99
"125","2002-06-24",193.08,194.49
"126","2002-06-25",190.6,193.15
"127","2002-06-26",190.78,194.03
"128","2002-06-27",190.08,194.84
"129","2002-06-28",186.7,193.14
"130","2002-07-01",187.02,194.48
"131","2002-07-02",186.32,196.95
"132","2002-07-03",185.19,197.16
"133","2002-07-04",185.19,197.16
"134","2002-07-05",185.21,197.18
"135","2002-07-08",185.95,198.2
"136","2002-07-09",188.34,201.31
"137","2002-07-10",187.54,201.01
"138","2002-07-11",189.06,202.69
"139","2002-07-12",188.07,201.62
"140","2002-07-15",190.46,203.76
"141","2002-07-16",189.05,200.39
"142","2002-07-17",189.12,199.28
"143","2002-07-18",188.77,199.29
"144","2002-07-19",192.8,202.21
"145","2002-07-22",192.59,200.92
"146","2002-07-23",186.1,194.48
"147","2002-07-24",185.28,193.57
"148","2002-07-25",184.34,193.38
"149","2002-07-26",180.5,185.82
"150","2002-07-29",180.11,184.85
"151","2002-07-30",181.01,185.58
"152","2002-07-31",180.54,183.2
"153","2002-08-01",181.03,182.61
"154","2002-08-02",182.81,183.01
"155","2002-08-05",183.19,184.63
"156","2002-08-06",181.84,183.84
"157","2002-08-07",187.05,186.32
"158","2002-08-08",184.75,184.86
"159","2002-08-09",187.01,186.14
"160","2002-08-12",186.92,183.11
"161","2002-08-13",186.98,182.6
"162","2002-08-14",185.57,177.73
"163","2002-08-15",187.12,178.69
"164","2002-08-16",186.71,179.14
"165","2002-08-19",182.18,175.63
"166","2002-08-20",183.79,176.95
"167","2002-08-21",183.14,176.28
"168","2002-08-22",182.56,178.04
"169","2002-08-23",182.57,176.34
"170","2002-08-26",184.19,176.92
"171","2002-08-27",185.92,179.58
"172","2002-08-28",184.15,179.39
"173","2002-08-29",186.23,180.67
"174","2002-08-30",185.94,177.15
"175","2002-09-02",185.94,177.15
"176","2002-09-03",186.63,177.86
"177","2002-09-04",187.53,178.26
"178","2002-09-05",189.49,180.25
"179","2002-09-06",190.51,180.06
"180","2002-09-09",191.3,182.58
"181","2002-09-10",189.3,181.6
"182","2002-09-11",188.53,181.01
"183","2002-09-12",189.91,182.81
"184","2002-09-13",188.55,181.51
"185","2002-09-16",188.81,181.33
"186","2002-09-17",188.65,182.45
"187","2002-09-18",190.79,184.13
"188","2002-09-19",192.04,184.93
"189","2002-09-20",191.64,184.54
"190","2002-09-23",192.2,184.49
"191","2002-09-24",194.04,185.37
"192","2002-09-25",191.92,182.6
"193","2002-09-26",190.8,179.63
"194","2002-09-27",190.45,178.84
"195","2002-09-30",192.91,180.58
"196","2002-10-01",191.14,178.2
"197","2002-10-02",191.5,178.09
"198","2002-10-03",191.27,178.1
"199","2002-10-04",191.81,178.3
"200","2002-10-07",191.72,176.74
"201","2002-10-08",189.53,173.69
"202","2002-10-09",190.37,172.78
"203","2002-10-10",188.36,170.21
"204","2002-10-11",188.25,171.6
"205","2002-10-14",189.11,171.23
"206","2002-10-15",186.03,171.75
"207","2002-10-16",186.81,173.63
"208","2002-10-17",185.34,172.64
"209","2002-10-18",186,173.25
"210","2002-10-21",184.95,172.95
"211","2002-10-22",186.21,175.35
"212","2002-10-23",185.62,175.15
"213","2002-10-24",184.8,173.37
"214","2002-10-25",186.41,175.17
"215","2002-10-28",187.45,175.39
"216","2002-10-29",188.94,179.3
"217","2002-10-30",188.24,178.31
"218","2002-10-31",189.14,179.11
"219","2002-11-01",189.62,178.53
"220","2002-11-04",189.35,178.43
"221","2002-11-05",189.3,178.75
"222","2002-11-06",188.89,178.28
"223","2002-11-07",190.68,180.96
"224","2002-11-08",191.16,180.25
"225","2002-11-11",191.12,181.86
"226","2002-11-12",192.97,182.97
"227","2002-11-13",189.54,181.4
"228","2002-11-14",189.07,181.48
"229","2002-11-15",190.79,182
"230","2002-11-18",189.92,180.48
"231","2002-11-19",189.63,180.88
"232","2002-11-20",188.93,180.49
"233","2002-11-21",188.87,177.88
"234","2002-11-22",190.9,180.86
"235","2002-11-25",189.14,178.06
"236","2002-11-26",189.02,176.21
"237","2002-11-27",188.5,175.62
"238","2002-11-28",188.5,175.62
"239","2002-11-29",188.51,175.63
"240","2002-12-02",188.94,175.93
"241","2002-12-03",190.55,180.29
"242","2002-12-04",191.69,181.29
"243","2002-12-05",193.18,183.79
"244","2002-12-06",194.07,184.19
"245","2002-12-09",193.74,182.82
"246","2002-12-10",192.38,183.14
"247","2002-12-11",193.15,184.02
"248","2002-12-12",197.08,188.27
"249","2002-12-13",198.09,186.69
"250","2002-12-16",200.37,186.51
"251","2002-12-17",200.61,184.06
"252","2002-12-18",203.41,185.06
"253","2002-12-19",205.67,187.24
"254","2002-12-20",202.41,183.56
"255","2002-12-23",205.16,184.49
"256","2002-12-24",206.18,184.78
"257","2002-12-25",206.18,184.78
"258","2002-12-26",207.44,186.49
"259","2002-12-27",207.63,187.21
"260","2002-12-30",204.32,185.25
"261","2002-12-31",206.76,190.76
"262","2003-01-01",206.76,190.76
"263","2003-01-02",205.77,191.21
"264","2003-01-03",208.8,194.39
"265","2003-01-06",209.12,194.69
"266","2003-01-07",206.51,190.93
"267","2003-01-08",210.44,193
"268","2003-01-09",210.1,192.53
"269","2003-01-10",210.82,193.25
"270","2003-01-13",210.96,191.96
"271","2003-01-14",209.41,188.99
"272","2003-01-15",208.65,189.59
"273","2003-01-16",212.81,191.78
"274","2003-01-17",212.04,190.79
"275","2003-01-20",212.04,190.79
"276","2003-01-21",212.54,191.21
"277","2003-01-22",213.97,192.33
"278","2003-01-23",216.83,189.84
"279","2003-01-24",219.03,193.81
"280","2003-01-27",219.64,191.85
"281","2003-01-28",220,193.44
"282","2003-01-29",217.82,190.67
"283","2003-01-30",219.19,193.25
"284","2003-01-31",218.84,192.86
"285","2003-02-03",220.34,191.89
"286","2003-02-04",225.27,195.19
"287","2003-02-05",223.68,189.24
"288","2003-02-06",219.83,185.76
"289","2003-02-07",219.72,184.57
"290","2003-02-10",216,182.6
"291","2003-02-11",215.3,181.42
"292","2003-02-12",209.37,178.93
"293","2003-02-13",212.17,179.97
"294","2003-02-14",208.91,179.97
"295","2003-02-17",208.91,179.97
"296","2003-02-18",204.25,180.83
"297","2003-02-19",207.64,183.56
"298","2003-02-20",209.49,185.04
"299","2003-02-21",208.72,185.24
"300","2003-02-24",211.47,187.28
"301","2003-02-25",209.1,184.43
"302","2003-02-26",210.12,184.95
"303","2003-02-27",205.44,181.24
"304","2003-02-28",207.88,182.23
"305","2003-03-03",207.31,185.1
"306","2003-03-04",209.69,185.11
"307","2003-03-05",209.63,183.73
"308","2003-03-06",211.84,185.16
"309","2003-03-07",208.28,185.76
"310","2003-03-10",210.62,185.46
"311","2003-03-11",208.13,185.86
"312","2003-03-12",205.8,183.69
"313","2003-03-13",199.48,179.93
"314","2003-03-14",199.84,179.86
"315","2003-03-17",200.21,176.38
"316","2003-03-18",200.58,176.9
"317","2003-03-19",199.69,175.2
"318","2003-03-20",197.8,175.01
"319","2003-03-21",193.66,172.56
"320","2003-03-24",195.7,173.17
"321","2003-03-25",195.05,174.17
"322","2003-03-26",196.12,174.37
"323","2003-03-27",195.12,174.18
"324","2003-03-28",196.97,175.77
"325","2003-03-31",199.65,177.06
"326","2003-04-01",198.65,175.95
"327","2003-04-02",195.81,174.57
"328","2003-04-03",193.03,175.01
"329","2003-04-04",193.22,175.09
"330","2003-04-07",190.98,175.43
"331","2003-04-08",191.4,177.61
"332","2003-04-09",193.36,177.82
"333","2003-04-10",194.02,178.1
"334","2003-04-11",194.74,178.22
"335","2003-04-14",192.62,180.02
"336","2003-04-15",192.99,179.43
"337","2003-04-16",193.47,177.94
"338","2003-04-17",194.24,177.35
"339","2003-04-18",194.24,177.35
"340","2003-04-21",198,179.94
"341","2003-04-22",198.54,182.4
"342","2003-04-23",196.83,183.51
"343","2003-04-24",198.74,184.31
"344","2003-04-25",197.91,183.8
"345","2003-04-28",198.58,181.8
"346","2003-04-29",198.11,180.62
"347","2003-04-30",201.32,184.07
"348","2003-05-01",203.11,188.94
"349","2003-05-02",202.46,189.82
"350","2003-05-05",203.25,190.55
"351","2003-05-06",203.38,189.96
"352","2003-05-07",203.03,187.67
"353","2003-05-08",206.89,190.05
"354","2003-05-09",207.01,189.98
"355","2003-05-12",208.81,192.85
"356","2003-05-13",207.86,190.99
"357","2003-05-14",209.23,192.86
"358","2003-05-15",209.41,189.22
"359","2003-05-16",210.66,189.62
"360","2003-05-19",216.3,190.83
"361","2003-05-20",217.55,188.93
"362","2003-05-21",220.93,187.08
"363","2003-05-22",218.51,184.59
"364","2003-05-23",218.99,184
"365","2003-05-26",218.99,184
"366","2003-05-27",218.42,183.15
"367","2003-05-28",216.89,183.75
"368","2003-05-29",219.56,181.18
"369","2003-05-30",216.55,179.52
"370","2003-06-02",217.46,178.55
"371","2003-06-03",216.99,178.63
"372","2003-06-04",215.4,178.24
"373","2003-06-05",218.9,178.25
"374","2003-06-06",215.94,180.04
"375","2003-06-09",214.84,178.98
"376","2003-06-10",209.04,177.09
"377","2003-06-11",211.06,178.28
"378","2003-06-12",209.7,178.51
"379","2003-06-13",211.66,181.32
"380","2003-06-16",213.16,182.8
"381","2003-06-17",215.6,182.73
"382","2003-06-18",212.05,180.68
"383","2003-06-19",214.42,181.12
"384","2003-06-20",211.4,179.5
"385","2003-06-23",209.46,180.7
"386","2003-06-24",205.5,178.96
"387","2003-06-25",207.22,180.82
"388","2003-06-26",204.02,179.13
"389","2003-06-27",204.8,178.54
"390","2003-06-30",205.29,180.53
"391","2003-07-01",208.49,181.21
"392","2003-07-02",208.44,183.58
"393","2003-07-03",208.27,185.48
"394","2003-07-04",208.27,185.48
"395","2003-07-07",206.57,187.28
"396","2003-07-08",204.2,187.56
"397","2003-07-09",203.91,190.73
"398","2003-07-10",204.35,190.34
"399","2003-07-11",204.69,189.95
"400","2003-07-14",206.3,189.64
"401","2003-07-15",203,184.15
"402","2003-07-16",203.59,184.36
"403","2003-07-17",204.25,184.95
"404","2003-07-18",206.08,187.01
"405","2003-07-21",208.28,187.82
"406","2003-07-22",208.11,189.4
"407","2003-07-23",212.84,200.48
"408","2003-07-24",215.03,202.07
"409","2003-07-25",215.33,200.69
"410","2003-07-28",216.59,205.45
"411","2003-07-29",214.76,204.27
"412","2003-07-30",211.52,200.12
"413","2003-07-31",210.17,202.5
"414","2003-08-01",205.45,201.59
"415","2003-08-04",207.3,198.57
"416","2003-08-05",207.48,195.41
"417","2003-08-06",208.19,196.6
"418","2003-08-07",209.2,199.29
"419","2003-08-08",211.45,197.49
"420","2003-08-11",214.66,197.83
"421","2003-08-12",212.72,192.41
"422","2003-08-13",214.91,199.08
"423","2003-08-14",217.16,199.24
"424","2003-08-15",215.51,195.03
"425","2003-08-18",212.69,195.04
"426","2003-08-19",214.53,197.77
"427","2003-08-20",216.9,198.88
"428","2003-08-21",213.83,195.89
"429","2003-08-22",215.31,197.98
"430","2003-08-25",214.21,197.84
"431","2003-08-26",216.81,198.28
"432","2003-08-27",221.13,203.41
"433","2003-08-28",219.66,203.18
"434","2003-08-29",222.74,202.48
"435","2003-09-01",222.74,202.48
"436","2003-09-02",221.29,197.69
"437","2003-09-03",221.71,200.45
"438","2003-09-04",221.12,198.68
"439","2003-09-05",223.91,203.23
"440","2003-09-08",222.45,201.55
"441","2003-09-09",226.36,207.79
"442","2003-09-10",225.36,207.79
"443","2003-09-11",225.19,210.96
"444","2003-09-12",222.89,205.91
"445","2003-09-15",222.13,205.65
"446","2003-09-16",221.55,206.44
"447","2003-09-17",223.15,208.9
"448","2003-09-18",223.39,207.84
"449","2003-09-19",226.47,208.91
"450","2003-09-22",229.69,208.25
"451","2003-09-23",228.92,207.07
"452","2003-09-24",229.76,209.65
"453","2003-09-25",228.28,206.18
"454","2003-09-26",225.86,203.14
"455","2003-09-29",226.71,200.39
"456","2003-09-30",228.43,203.04
"457","2003-10-01",227.79,201.59
"458","2003-10-02",227.02,201.4
"459","2003-10-03",218.92,190.94
"460","2003-10-06",220.89,190.16
"461","2003-10-07",223.56,192.73
"462","2003-10-08",222.5,192.34
"463","2003-10-09",218.84,191.24
"464","2003-10-10",221.39,193.93
"465","2003-10-13",222.35,196.71
"466","2003-10-14",222.66,194.82
"467","2003-10-15",220.83,195.42
"468","2003-10-16",220.89,194.44
"469","2003-10-17",220.3,195.15
"470","2003-10-20",221.62,197.74
"471","2003-10-21",226.13,200.23
"472","2003-10-22",228.97,202.88
"473","2003-10-23",227.92,204.35
"474","2003-10-24",230.41,204.08
"475","2003-10-27",229.83,205.16
"476","2003-10-28",227,201.41
"477","2003-10-29",229.13,203.2
"478","2003-10-30",227.6,202.92
"479","2003-10-31",227.73,200.16
"480","2003-11-03",223.3,194.72
"481","2003-11-04",225.03,198.8
"482","2003-11-05",226.63,197.03
"483","2003-11-06",225.45,195.93
"484","2003-11-07",227.06,199.92
"485","2003-11-10",229.03,201.2
"486","2003-11-11",229.92,200.3
"487","2003-11-12",233.98,210.9
"488","2003-11-13",233.58,209.33
"489","2003-11-14",235.77,214.06
"490","2003-11-17",232.01,206.71
"491","2003-11-18",235.62,212.27
"492","2003-11-19",233.97,208.5
"493","2003-11-20",233.26,208.19
"494","2003-11-21",234.69,209.53
"495","2003-11-24",232.05,207.66
"496","2003-11-25",231.88,209.83
"497","2003-11-26",235.19,212.08
"498","2003-11-27",235.19,212.08
"499","2003-11-28",235.2,212.09
"500","2003-12-01",238.65,215.58
"501","2003-12-02",239.13,217.55
"502","2003-12-03",239.25,216.45
"503","2003-12-04",238.9,215.67
"504","2003-12-05",240.74,216.46
"505","2003-12-08",240.88,219.16
"506","2003-12-09",241.71,222.91
"507","2003-12-10",240.6,221.54
"508","2003-12-11",239.66,220.64
"509","2003-12-12",242.44,222.34
"510","2003-12-15",242.34,223.02
"511","2003-12-16",241.46,222.56
"512","2003-12-17",244.01,225.05
"513","2003-12-18",243.07,225.84
"514","2003-12-19",242.36,226.24
"515","2003-12-22",243.21,225.74
"516","2003-12-23",243.39,226.66
"517","2003-12-24",244.11,228.44
"518","2003-12-25",244.11,228.44
"519","2003-12-26",244.12,228.45
"520","2003-12-29",245.62,233.87
"521","2003-12-30",246.75,236.36
"522","2003-12-31",246.1,235.26
"523","2004-01-01",246.1,235.26
"524","2004-01-02",246.11,235.27
"525","2004-01-05",251.28,246.33
"526","2004-01-06",250.34,249.61
"527","2004-01-07",249.81,247.05
"528","2004-01-08",251.06,247.45
"529","2004-01-09",252.49,256.3
"530","2004-01-12",252.39,261.05
"531","2004-01-13",250.89,260.27
"532","2004-01-14",249.67,253.69
"533","2004-01-15",241.83,245.13
"534","2004-01-16",240.89,249.75
"535","2004-01-19",240.89,249.75
"536","2004-01-20",244.4,249.5
"537","2004-01-21",243.4,244.97
"538","2004-01-22",242.75,250.58
"539","2004-01-23",241.58,250.98
"540","2004-01-26",240.83,249.1
"541","2004-01-27",242.78,258.7
"542","2004-01-28",245.51,261.67
"543","2004-01-29",235.83,245.89
"544","2004-01-30",237.9,246.68
"545","2004-02-02",235.79,238.53
"546","2004-02-03",236.15,241.69
"547","2004-02-04",237.22,242.69
"548","2004-02-05",235.52,241.71
"549","2004-02-06",238.71,247.83
"550","2004-02-09",240.62,253.77
"551","2004-02-10",240.39,252.21
"552","2004-02-11",242.58,258.94
"553","2004-02-12",244.65,261.39
"554","2004-02-13",242.65,259.9
"555","2004-02-16",242.65,259.9
"556","2004-02-17",246.04,267.77
"557","2004-02-18",243.86,264.62
"558","2004-02-19",242.39,263.02
"559","2004-02-20",235.13,258.1
"560","2004-02-23",235.92,256.42
"561","2004-02-24",239.18,261.63
"562","2004-02-25",234.04,258.21
"563","2004-02-26",233.69,265.15
"564","2004-02-27",234.47,264.57
"565","2004-03-01",236.14,273.65
"566","2004-03-02",232.72,264.99
"567","2004-03-03",232.07,266.06
"568","2004-03-04",232.38,266.7
"569","2004-03-05",237.35,275.45
"570","2004-03-08",236.95,275.47
"571","2004-03-09",239.08,282.97
"572","2004-03-10",236.61,283.17
"573","2004-03-11",237.03,283.5
"574","2004-03-12",233.85,278.38
"575","2004-03-15",236.23,281.44
"576","2004-03-16",238,282.51
"577","2004-03-17",240.66,286.18
"578","2004-03-18",243.15,294.27
"579","2004-03-19",243.98,298.14
"580","2004-03-22",246.89,300.73
"581","2004-03-23",248.31,303.89
"582","2004-03-24",246.78,301.61
"583","2004-03-25",246.49,299.72
"584","2004-03-26",249.63,304.27
"585","2004-03-29",246.7,300.66
"586","2004-03-30",249.42,306.58
"587","2004-03-31",252.67,313.3
"588","2004-04-01",252.97,321.31
"589","2004-04-02",249.26,321.59
"590","2004-04-05",245.62,320.12
"591","2004-04-06",247.69,324.19
"592","2004-04-07",250,323.02
"593","2004-04-08",248.24,319.08
"594","2004-04-09",248.24,319.08
"595","2004-04-12",248.38,316.75
"596","2004-04-13",240.6,293.93
"597","2004-04-14",236.35,276.42
"598","2004-04-15",235.06,279.3
"599","2004-04-16",237.02,281.94
"600","2004-04-19",236.8,284.52
"601","2004-04-20",235.09,274.1
"602","2004-04-21",231.03,243.6
"603","2004-04-22",232.51,237.97
"604","2004-04-23",233.58,243.33
"605","2004-04-26",234.12,243.79
"606","2004-04-27",235.61,246.23
"607","2004-04-28",227.82,231.71
"608","2004-04-29",228.54,229.87
"609","2004-04-30",228.78,239.8
"610","2004-05-03",228.8,237.37
"611","2004-05-04",231.34,238.17
"612","2004-05-05",232.53,240.81
"613","2004-05-06",229.35,229.6
"614","2004-05-07",223.86,220.55
"615","2004-05-10",223.64,227.06
"616","2004-05-11",222.77,217.54
"617","2004-05-12",223.07,219.2
"618","2004-05-13",221.42,221.17
"619","2004-05-14",222.73,225.63
"620","2004-05-17",224.22,223.56
"621","2004-05-18",222.04,223.77
"622","2004-05-19",226.23,233.5
"623","2004-05-20",223.59,227.72
"624","2004-05-21",227.37,231.27
"625","2004-05-24",227.86,236.3
"626","2004-05-25",229.51,239.77
"627","2004-05-26",229.46,238.59
"628","2004-05-27",233.42,244.12
"629","2004-05-28",232.72,240.78
"630","2004-05-31",232.72,240.78
"631","2004-06-01",233.1,238.64
"632","2004-06-02",231.34,230.09
"633","2004-06-03",229.22,226.04
"634","2004-06-04",230.88,229
"635","2004-06-07",232.55,232.57
"636","2004-06-08",230.97,227.46
"637","2004-06-09",227.09,222.07
"638","2004-06-10",227.92,226.61
"639","2004-06-11",227.92,226.61
"640","2004-06-14",226.53,223.1
"641","2004-06-15",229.2,226.09
"642","2004-06-16",227.14,225.71
"643","2004-06-17",229.69,233.58
"644","2004-06-18",233.35,235.91
"645","2004-06-21",232.67,231.14
"646","2004-06-22",233.27,231.46
"647","2004-06-23",233.28,231.78
"648","2004-06-24",238,243.58
"649","2004-06-25",237.84,241.75
"650","2004-06-28",236.74,232.77
"651","2004-06-29",231.74,230.93
"652","2004-06-30",231.86,227.87
"653","2004-07-01",233.88,234.09
"654","2004-07-02",235.24,236.54
"655","2004-07-05",235.24,236.54
"656","2004-07-06",231.92,235.2
"657","2004-07-07",237.65,240.91
"658","2004-07-08",240.9,253.11
"659","2004-07-09",240.73,254.69
"660","2004-07-12",241.06,257.36
"661","2004-07-13",237.48,251.47
"662","2004-07-14",239.38,260.13
"663","2004-07-15",238.68,262.15
"664","2004-07-16",240.1,264.6
"665","2004-07-19",239.54,259.71
"666","2004-07-20",237.38,260.19
"667","2004-07-21",234.57,252.25
"668","2004-07-22",233.41,252.97
"669","2004-07-23",230.48,249.71
"670","2004-07-26",230.51,245.8
"671","2004-07-27",228.64,245.89
"672","2004-07-28",229.82,250.86
"673","2004-07-29",228.66,250.16
"674","2004-07-30",230.96,258.24
"675","2004-08-02",231.39,260.63
"676","2004-08-03",232.64,263.2
"677","2004-08-04",231.59,265.26
"678","2004-08-05",231.66,265.78
"679","2004-08-06",235.95,266.78
"680","2004-08-09",236.51,265.32
"681","2004-08-10",236.11,264.75
"682","2004-08-11",233.53,257.08
"683","2004-08-12",232.78,258.3
"684","2004-08-13",235.49,260.97
"685","2004-08-16",237.87,265.39
"686","2004-08-17",238.76,265.13
"687","2004-08-18",238.71,269.29
"688","2004-08-19",240.3,268.68
"689","2004-08-20",243.95,270.69
"690","2004-08-23",242.4,265.82
"691","2004-08-24",237.83,259.25
"692","2004-08-25",240.77,260.75
"693","2004-08-26",240.55,263.35
"694","2004-08-27",238.09,259.83
"695","2004-08-30",240.82,264.57
"696","2004-08-31",242.24,267.13
"697","2004-09-01",241.32,267.84
"698","2004-09-02",239.68,267.07
"699","2004-09-03",236.46,258.46
"700","2004-09-06",236.46,258.46
"701","2004-09-07",234.68,244.58
"702","2004-09-08",235.87,243.69
"703","2004-09-09",235.29,242.75
"704","2004-09-10",237.3,241.86
"705","2004-09-13",238.62,243.86
"706","2004-09-14",239.52,244.46
"707","2004-09-15",239.12,247.22
"708","2004-09-16",238.95,247.93
"709","2004-09-17",239.61,246.77
"710","2004-09-20",239.29,246.49
"711","2004-09-21",241.12,250.15
"712","2004-09-22",240.49,250.24
"713","2004-09-23",242.61,253.98
"714","2004-09-24",240.92,252.23
"715","2004-09-27",241.54,257.17
"716","2004-09-28",243.61,259.54
"717","2004-09-29",243.92,262.89
"718","2004-09-30",247.28,272.44
"719","2004-10-01",247.76,272.65
"720","2004-10-04",244.51,265.7
"721","2004-10-05",246.99,278.95
"722","2004-10-06",247.12,284.58
"723","2004-10-07",246.83,283.49
"724","2004-10-08",249.79,286.57
"725","2004-10-11",249.18,284.92
"726","2004-10-12",245.19,277.19
"727","2004-10-13",244.02,271.11
"728","2004-10-14",246.92,277.22
"729","2004-10-15",247.28,279.39
"730","2004-10-18",245.84,274.6
"731","2004-10-19",248.21,282.79
"732","2004-10-20",250.11,288.97
"733","2004-10-21",250.59,287.33
"734","2004-10-22",250.6,288.25
"735","2004-10-25",253.17,290.14
"736","2004-10-26",251.83,288.58
"737","2004-10-27",250.67,283.17
"738","2004-10-28",250.97,282.79
"739","2004-10-29",252.93,287.25
"740","2004-11-01",252.26,288.28
"741","2004-11-02",247.92,276.1
"742","2004-11-03",250.64,281.55
"743","2004-11-04",253.83,290.41
"744","2004-11-05",255.91,295.23
"745","2004-11-08",255.43,294.58
"746","2004-11-09",257.12,296.5
"747","2004-11-10",256.17,292.01
"748","2004-11-11",256.71,294.26
"749","2004-11-12",258.43,299.94
"750","2004-11-15",257.89,298.08
"751","2004-11-16",259.78,298.88
"752","2004-11-17",262.49,301.79
"753","2004-11-18",261.28,297.43
"754","2004-11-19",263.7,299.4
"755","2004-11-22",264.92,298.36
"756","2004-11-23",264.35,297.75
"757","2004-11-24",265.13,300.03
"758","2004-11-25",265.13,300.03
"759","2004-11-26",265.16,300.07
"760","2004-11-29",267.73,306.31
"761","2004-11-30",266.22,304.45
"762","2004-12-01",267.82,316.33
"763","2004-12-02",265.73,311.65
"764","2004-12-03",268.97,314.92
"765","2004-12-06",267.91,311.84
"766","2004-12-07",266.63,308.81
"767","2004-12-08",257.83,279.85
"768","2004-12-09",256.96,266.35
"769","2004-12-10",255.86,264.14
"770","2004-12-13",258.85,267.59
"771","2004-12-14",257.1,264.67
"772","2004-12-15",260,269.58
"773","2004-12-16",257.66,263.61
"774","2004-12-17",260.44,266.6
"775","2004-12-20",260.9,269.08
"776","2004-12-21",260.51,271.53
"777","2004-12-22",259.64,267.94
"778","2004-12-23",260.54,271.09
"779","2004-12-24",260.54,271.09
"780","2004-12-27",262.54,274.68
"781","2004-12-28",262.03,276.78
"782","2004-12-29",257.16,267.74
"783","2004-12-30",258,268.15
"784","2004-12-31",258.02,268.16
"785","2005-01-03",252.94,255.27
"786","2005-01-04",252.67,253.13
"787","2005-01-05",251.56,256.4
"788","2005-01-06",248.22,253.28
"789","2005-01-07",247,253.02
"790","2005-01-10",247.17,253.14
"791","2005-01-11",248.77,260.54
"792","2005-01-12",251.25,264.68
"793","2005-01-13",250.39,264.77
"794","2005-01-14",249.17,258.9
"795","2005-01-17",249.17,258.9
"796","2005-01-18",249.53,261.32
"797","2005-01-19",249.37,260.16
"798","2005-01-20",248.98,257.55
"799","2005-01-21",251.52,267.54
"800","2005-01-24",251.74,269.48
"801","2005-01-25",248.83,262.62
"802","2005-01-26",251.66,267.35
"803","2005-01-27",251.26,267.96
"804","2005-01-28",251.1,267
"805","2005-01-31",248.81,265.16
"806","2005-02-01",248.12,264.51
"807","2005-02-02",248.19,265.32
"808","2005-02-03",245.57,262.46
"809","2005-02-04",244.06,260.83
"810","2005-02-07",243.82,257.74
"811","2005-02-08",243.19,257.84
"812","2005-02-09",243.33,259.14
"813","2005-02-10",245.81,273.88
"814","2005-02-11",247.76,283.52
"815","2005-02-14",250.93,288.7
"816","2005-02-15",250.94,289.54
"817","2005-02-16",250.73,285.46
"818","2005-02-17",251.74,289.98
"819","2005-02-18",251.64,291.83
"820","2005-02-21",251.64,291.83
"821","2005-02-22",256.06,296.07
"822","2005-02-23",256.26,293.07
"823","2005-02-24",256.04,290.79
"824","2005-02-25",256.29,287.21
"825","2005-02-28",257.23,289.54
"826","2005-03-01",255.08,284.47
"827","2005-03-02",255.04,287.55
"828","2005-03-03",253.29,284.51
"829","2005-03-04",255.84,289.24
"830","2005-03-07",256.31,289.69
"831","2005-03-08",259.44,295.32
"832","2005-03-09",260.52,299.33
"833","2005-03-10",260.83,294.93
"834","2005-03-11",262.84,296.64
"835","2005-03-14",259.86,290.43
"836","2005-03-15",259.76,290.34
"837","2005-03-16",261.42,292.12
"838","2005-03-17",258.46,290.38
"839","2005-03-18",258.83,290.01
"840","2005-03-21",254.03,278.9
"841","2005-03-22",254.16,277.59
"842","2005-03-23",250.5,273.97
"843","2005-03-24",250.22,272.14
"844","2005-03-25",250.22,272.14
"845","2005-03-28",251,271.13
"846","2005-03-29",251.02,273.98
"847","2005-03-30",251.57,280.47
"848","2005-03-31",252.53,281.79
"849","2005-04-01",250.91,274.75
"850","2005-04-04",249.62,275.75
"851","2005-04-05",249.99,276.52
"852","2005-04-06",251.53,279.56
"853","2005-04-07",251.08,277.82
"854","2005-04-08",251.33,281.37
"855","2005-04-11",252.33,284.98
"856","2005-04-12",251.7,281.08
"857","2005-04-13",252.72,283.84
"858","2005-04-14",249.57,277.42
"859","2005-04-15",250.12,275.96
"860","2005-04-18",251.64,276.88
"861","2005-04-19",254.83,284.91
"862","2005-04-20",256.2,288.33
"863","2005-04-21",254.87,283.66
"864","2005-04-22",255.59,285.99
"865","2005-04-25",255.77,285.47
"866","2005-04-26",257.67,285.34
"867","2005-04-27",254.81,280.63
"868","2005-04-28",253.84,271.55
"869","2005-04-29",256.03,271.26
"870","2005-05-02",252.8,268.78
"871","2005-05-03",251.18,269.12
"872","2005-05-04",252.55,274.22
"873","2005-05-05",252.98,276.2
"874","2005-05-06",250.77,272.39
"875","2005-05-09",250.83,276.95
"876","2005-05-10",251.46,278.34
"877","2005-05-11",251.48,277.58
"878","2005-05-12",248.12,272.52
"879","2005-05-13",247.26,271.56
"880","2005-05-16",246.5,272.33
"881","2005-05-17",246.81,275.76
"882","2005-05-18",248.06,282.04
"883","2005-05-19",247.38,279.52
"884","2005-05-20",245.59,272.3
"885","2005-05-23",245.18,272.95
"886","2005-05-24",245.66,274.26
"887","2005-05-25",246.44,279.57
"888","2005-05-26",245.94,280.54
"889","2005-05-27",247.01,286.36
"890","2005-05-30",247.01,286.36
"891","2005-05-31",245.04,292.01
"892","2005-06-01",244.36,294.7
"893","2005-06-02",248.53,295.7
"894","2005-06-03",249.14,294.36
"895","2005-06-06",250.72,295.6
"896","2005-06-07",249.75,291.9
"897","2005-06-08",249.71,293.12
"898","2005-06-09",249.44,285.14
"899","2005-06-10",251.33,285.87
"900","2005-06-13",252.45,285.04
"901","2005-06-14",251.42,285.69
"902","2005-06-15",252.37,287.66
"903","2005-06-16",256.49,289.24
"904","2005-06-17",257.74,287.9
"905","2005-06-20",257.81,286.69
"906","2005-06-21",258.12,286.32
"907","2005-06-22",257.68,285.06
"908","2005-06-23",259.75,285.7
"909","2005-06-24",259.07,286.04
"910","2005-06-27",258.96,284.59
"911","2005-06-28",256.63,278.76
"912","2005-06-29",257.18,277.42
"913","2005-06-30",256.32,276.27
"914","2005-07-01",251.48,269.26
"915","2005-07-04",251.48,269.26
"916","2005-07-05",248.69,268.38
"917","2005-07-06",249.06,271.72
"918","2005-07-07",248.91,272.92
"919","2005-07-08",248.7,274.7
"920","2005-07-11",250.23,277.7
"921","2005-07-12",250.74,276.95
"922","2005-07-13",249.27,276.39
"923","2005-07-14",246.74,273.48
"924","2005-07-15",247.34,273.31
"925","2005-07-18",247.29,273.96
"926","2005-07-19",246.79,273.21
"927","2005-07-20",247.91,276.48
"928","2005-07-21",250.08,279.12
"929","2005-07-22",249.69,278.37
"930","2005-07-25",250.28,279.42
"931","2005-07-26",248.86,274.67
"932","2005-07-27",249.63,275.56
"933","2005-07-28",251.22,281.85
"934","2005-07-29",252.7,284.3
"935","2005-08-01",253.87,286.06
"936","2005-08-02",253.89,284.41
"937","2005-08-03",256.82,286.19
"938","2005-08-04",257.42,284.07
"939","2005-08-05",256.92,280.41
"940","2005-08-08",255.55,274.9
"941","2005-08-09",255.28,275.71
"942","2005-08-10",256.58,277.41
"943","2005-08-11",261.77,281.55
"944","2005-08-12",262.09,277.97
"945","2005-08-15",259.96,273.2
"946","2005-08-16",262.25,276.25
"947","2005-08-17",258.61,274.34
"948","2005-08-18",258.35,274.56
"949","2005-08-19",256.92,274.97
"950","2005-08-22",257.46,277.07
"951","2005-08-23",258.24,273.49
"952","2005-08-24",257.05,271.61
"953","2005-08-25",257.59,268.06
"954","2005-08-26",257.04,264.4
"955","2005-08-29",256.7,264.05
"956","2005-08-30",253.3,262.91
"957","2005-08-31",254.83,266.43
"958","2005-09-01",259.75,273.57
"959","2005-09-02",260.93,275.04
"960","2005-09-05",260.93,275.04
"961","2005-09-06",261.09,276.04
"962","2005-09-07",261.35,276.84
"963","2005-09-08",262.37,273.37
"964","2005-09-09",263.73,274.83
"965","2005-09-12",264.21,274.72
"966","2005-09-13",262.08,272.6
"967","2005-09-14",264.27,274.19
"968","2005-09-15",267.55,275.5
"969","2005-09-16",269.91,283.7
"970","2005-09-19",274.12,288.06
"971","2005-09-20",273.92,287.19
"972","2005-09-21",275.46,288.78
"973","2005-09-22",274.15,288.81
"974","2005-09-23",272.36,285.72
"975","2005-09-26",273.79,286.97
"976","2005-09-27",271.89,285.56
"977","2005-09-28",275.94,288.51
"978","2005-09-29",277.54,294.46
"979","2005-09-30",275.52,292.81
"980","2005-10-03",273.85,290.68
"981","2005-10-04",273.88,289.53
"982","2005-10-05",273.91,291.63
"983","2005-10-06",277.26,296.22
"984","2005-10-07",278.86,303.08
"985","2005-10-10",279.12,306.09
"986","2005-10-11",280.2,307.29
"987","2005-10-12",278.36,305.88
"988","2005-10-13",276.75,301.89
"989","2005-10-14",275.61,306.88
"990","2005-10-17",278.5,307.48
"991","2005-10-18",277.36,305.95
"992","2005-10-19",272.25,298.37
"993","2005-10-20",270.76,298.98
"994","2005-10-21",274.23,300.58
"995","2005-10-24",273.09,301.18
"996","2005-10-25",277.63,305.78
"997","2005-10-26",276.66,307.3
"998","2005-10-27",278.21,306.44
"999","2005-10-28",277.77,305.69
"1000","2005-10-31",273.24,296.4
"1001","2005-11-01",269.58,292.13
"1002","2005-11-02",271.95,295.69
"1003","2005-11-03",270.4,298.18
"1004","2005-11-04",268.09,296.26
"1005","2005-11-07",269.64,297.61
"1006","2005-11-08",270.78,298.42
"1007","2005-11-09",273.87,300.53
"1008","2005-11-10",274.02,301.59
"1009","2005-11-11",274.99,303.76
"1010","2005-11-14",274.96,304.75
"1011","2005-11-15",274.88,304.97
"1012","2005-11-16",280.84,313.38
"1013","2005-11-17",285.4,317.32
"1014","2005-11-18",285.08,316.08
"1015","2005-11-21",287.1,318.9
"1016","2005-11-22",289.16,320.56
"1017","2005-11-23",288.85,319.08
"1018","2005-11-24",288.85,319.08
"1019","2005-11-25",288.91,319.15
"1020","2005-11-28",292.62,328.1
"1021","2005-11-29",293.17,326.12
"1022","2005-11-30",290.41,325.38
"1023","2005-12-01",294.87,333.84
"1024","2005-12-02",295.31,335.62
"1025","2005-12-05",298.66,339.15
"1026","2005-12-06",299.4,341.4
"1027","2005-12-07",301.76,344.73
"1028","2005-12-08",304.65,349.16
"1029","2005-12-09",309.05,353.28
"1030","2005-12-12",309.91,345.12
"1031","2005-12-13",305.63,333.61
"1032","2005-12-14",297.15,328.99
"1033","2005-12-15",295.49,335.63
"1034","2005-12-16",295.11,334.3
"1035","2005-12-19",295.32,336.16
"1036","2005-12-20",290.05,326.48
"1037","2005-12-21",289.09,328.07
"1038","2005-12-22",294.78,333.66
"1039","2005-12-23",294.93,336.31
"1040","2005-12-26",294.93,336.31
"1041","2005-12-27",297.92,342.95
"1042","2005-12-28",301.57,347.78
"1043","2005-12-29",302.3,345.75
"1044","2005-12-30",303.16,346.1
"1045","2006-01-02",303.16,346.1
"1046","2006-01-03",311.24,356.77
"1047","2006-01-04",313.08,357.2
"1048","2006-01-05",308.56,345.63
"1049","2006-01-06",316.43,357.39
"1050","2006-01-09",321.97,361.8
"1051","2006-01-10",319.2,351.4
"1052","2006-01-11",321.82,353.39
"1053","2006-01-12",321.39,353.24
"1054","2006-01-13",325.95,357.37
"1055","2006-01-16",325.95,357.37
"1056","2006-01-17",324.54,353.95
"1057","2006-01-18",318.83,346.19
"1058","2006-01-19",327.34,355.4
"1059","2006-01-20",324.48,348.49
"1060","2006-01-23",327.38,354.2
"1061","2006-01-24",327.07,360.29
"1062","2006-01-25",329.73,371.35
"1063","2006-01-26",328.25,375.1
"1064","2006-01-27",327.54,375.15
"1065","2006-01-30",331.67,381.92
"1066","2006-01-31",334.56,386.27
"1067","2006-02-01",333.72,382.8
"1068","2006-02-02",335.39,386.05
"1069","2006-02-03",332.41,381.52
"1070","2006-02-06",334.1,381.58
"1071","2006-02-07",322.8,368.02
"1072","2006-02-08",322.26,369.23
"1073","2006-02-09",330.62,377.8
"1074","2006-02-10",322.16,367.02
"1075","2006-02-13",315.64,356.95
"1076","2006-02-14",319.64,364.63
"1077","2006-02-15",316.07,360.68
"1078","2006-02-16",319.66,366.74
"1079","2006-02-17",323.08,368.77
"1080","2006-02-20",323.08,368.77
"1081","2006-02-21",324.41,373.84
"1082","2006-02-22",324.45,375.21
"1083","2006-02-23",321.16,371.22
"1084","2006-02-24",327.21,381.71
"1085","2006-02-27",324.88,376.8
"1086","2006-02-28",328.95,381.13
"1087","2006-03-01",330.1,380.59
"1088","2006-03-02",332.82,396.89
"1089","2006-03-03",331.46,397.99
"1090","2006-03-06",325.05,389.97
"1091","2006-03-07",323.75,393.21
"1092","2006-03-08",317.85,383.07
"1093","2006-03-09",319.46,387.98
"1094","2006-03-10",316.19,387.64
"1095","2006-03-13",319.9,395.45
"1096","2006-03-14",323.12,398.93
"1097","2006-03-15",323.92,403.07
"1098","2006-03-16",324.54,402.81
"1099","2006-03-17",324.4,403.75
"1100","2006-03-20",325.11,403.79
"1101","2006-03-21",323.41,411.75
"1102","2006-03-22",322.58,409.07
"1103","2006-03-23",322.04,416.73
"1104","2006-03-24",327.76,418.53
"1105","2006-03-27",332,424.93
"1106","2006-03-28",331.81,424.01
"1107","2006-03-29",335.57,433.62
"1108","2006-03-30",343.27,454.94
"1109","2006-03-31",340.35,449.53
"1110","2006-04-03",344.89,459.27
"1111","2006-04-04",342.79,457.96
"1112","2006-04-05",343.93,457.04
"1113","2006-04-06",348.15,470.37
"1114","2006-04-07",344.13,471.41
"1115","2006-04-10",349.55,490.75
"1116","2006-04-11",348.2,492.52
"1117","2006-04-12",349.35,495.15
"1118","2006-04-13",348.7,502.73
"1119","2006-04-14",348.7,502.73
"1120","2006-04-17",359.74,522.94
"1121","2006-04-18",362.41,539.44
"1122","2006-04-19",369.84,568.5
"1123","2006-04-20",362.38,490.39
"1124","2006-04-21",369.64,507.62
"1125","2006-04-24",363.04,461.28
"1126","2006-04-25",369.08,492.02
"1127","2006-04-26",373.66,502.02
"1128","2006-04-27",370.39,488.54
"1129","2006-04-28",381.04,528.96
"1130","2006-05-01",384.5,542.17
"1131","2006-05-02",388.75,551.75
"1132","2006-05-03",389.44,535.71
"1133","2006-05-04",394.15,536.94
"1134","2006-05-05",398.75,539.54
"1135","2006-05-08",396.34,535.09
"1136","2006-05-09",408.96,562.17
"1137","2006-05-10",411.48,555.05
"1138","2006-05-11",420.77,580.58
"1139","2006-05-12",415.28,553.45
"1140","2006-05-15",399.79,518.67
"1141","2006-05-16",404.41,526.71
"1142","2006-05-17",403.89,515.11
"1143","2006-05-18",397.58,487.17
"1144","2006-05-19",383.99,481.01
"1145","2006-05-22",384.2,483.92
"1146","2006-05-23",393.57,512.79
"1147","2006-05-24",372.62,487.36
"1148","2006-05-25",378.92,490.73
"1149","2006-05-26",380.41,495.86
"1150","2006-05-29",380.41,495.86
"1151","2006-05-30",382.41,509.37
"1152","2006-05-31",375.8,485.47
"1153","2006-06-01",366.88,464.1
"1154","2006-06-02",371.27,471.17
"1155","2006-06-05",375.87,479.55
"1156","2006-06-06",367.81,462.06
"1157","2006-06-07",366.64,463.88
"1158","2006-06-08",355.8,432.18
"1159","2006-06-09",355.26,437.43
"1160","2006-06-12",354.53,431.98
"1161","2006-06-13",328.77,375.94
"1162","2006-06-14",328.64,380.29
"1163","2006-06-15",330.89,389.39
"1164","2006-06-16",337.55,395.64
"1165","2006-06-19",332.29,389.64
"1166","2006-06-20",337.03,401.35
"1167","2006-06-21",343.18,407.25
"1168","2006-06-22",339.97,399.29
"1169","2006-06-23",341.53,402.25
"1170","2006-06-26",341.49,400.78
"1171","2006-06-27",339.62,399.25
"1172","2006-06-28",337.69,397.09
"1173","2006-06-29",342.33,404.05
"1174","2006-06-30",358.13,423.49
"1175","2006-07-03",358.28,423.67
"1176","2006-07-04",358.28,423.67
"1177","2006-07-05",366.34,442.99
"1178","2006-07-06",370.24,449.65
"1179","2006-07-07",369.41,442.73
"1180","2006-07-10",364.5,431.46
"1181","2006-07-11",374.41,448.6
"1182","2006-07-12",379.18,448.86
"1183","2006-07-13",381.11,446.2
"1184","2006-07-14",389,448.01
"1185","2006-07-17",379.86,431.1
"1186","2006-07-18",366.95,409.19
"1187","2006-07-19",374.59,432.58
"1188","2006-07-20",368.71,430.3
"1189","2006-07-21",361.62,421.81
"1190","2006-07-24",357.6,424.9
"1191","2006-07-25",360.45,425.93
"1192","2006-07-26",362.79,431.25
"1193","2006-07-27",369.01,443.37
"1194","2006-07-28",370.38,442.46
"1195","2006-07-31",369.96,442.84
"1196","2006-08-01",376.87,457.31
"1197","2006-08-02",379.96,477.05
"1198","2006-08-03",375.95,471.07
"1199","2006-08-04",375.43,486.53
"1200","2006-08-07",377.59,478.16
"1201","2006-08-08",376.38,478.06
"1202","2006-08-09",379.13,490.17
"1203","2006-08-10",370.02,472.25
"1204","2006-08-11",369.15,463.82
"1205","2006-08-14",366.38,474.6
"1206","2006-08-15",362.77,471.82
"1207","2006-08-16",366.31,479.74
"1208","2006-08-17",358.51,468.56
"1209","2006-08-18",356.5,469.98
"1210","2006-08-21",364.39,482.54
"1211","2006-08-22",363.75,479.41
"1212","2006-08-23",363.23,489.38
"1213","2006-08-24",360.7,481.47
"1214","2006-08-25",362.07,483.85
"1215","2006-08-28",358.26,470.55
"1216","2006-08-29",355.55,475.44
"1217","2006-08-30",359.62,488.93
"1218","2006-08-31",364.32,502.89
"1219","2006-09-01",363.45,504.51
"1220","2006-09-04",363.45,504.51
"1221","2006-09-05",371.87,507.49
"1222","2006-09-06",368.99,509.88
"1223","2006-09-07",359.33,490.44
"1224","2006-09-08",355,475.05
"1225","2006-09-11",343.64,434.47
"1226","2006-09-12",341.96,430.67
"1227","2006-09-13",343.16,433.04
"1228","2006-09-14",337.28,423.44
"1229","2006-09-15",335.6,420.59
"1230","2006-09-18",341.38,436.82
"1231","2006-09-19",335.89,423.53
"1232","2006-09-20",337.67,431.13
"1233","2006-09-21",338.92,435.25
"1234","2006-09-22",343.06,437.83
"1235","2006-09-25",343.49,438.58
"1236","2006-09-26",344.22,445.23
"1237","2006-09-27",347.84,453.22
"1238","2006-09-28",352.27,454.64
"1239","2006-09-29",348.46,447.15
"1240","2006-10-02",348.08,451.2
"1241","2006-10-03",335.54,428.2
"1242","2006-10-04",327.05,418.56
"1243","2006-10-05",332.17,429.28
"1244","2006-10-06",332.97,433.41
"1245","2006-10-09",336.56,443.09
"1246","2006-10-10",332.8,435.39
"1247","2006-10-11",333.01,439.71
"1248","2006-10-12",335.25,441.71
"1249","2006-10-13",342.46,453.42
"1250","2006-10-16",345.96,462.53
"1251","2006-10-17",343.11,457.55
"1252","2006-10-18",342.64,459.17
"1253","2006-10-19",348.41,472.44
"1254","2006-10-20",344.93,464.93
"1255","2006-10-23",337.27,453.65
"1256","2006-10-24",340.03,460.71
"1257","2006-10-25",341.93,462.33
"1258","2006-10-26",347.19,476.01
"1259","2006-10-27",347.93,469.85
"1260","2006-10-30",351.78,476.66
"1261","2006-10-31",351.48,477.51
"1262","2006-11-01",358.77,485.55
"1263","2006-11-02",363.75,492.43
"1264","2006-11-03",364.61,491.91
"1265","2006-11-06",364.01,496.99
"1266","2006-11-07",363.94,493.75
"1267","2006-11-08",358.54,488.95
"1268","2006-11-09",369.3,508.39
"1269","2006-11-10",365.49,510.99
"1270","2006-11-13",363.16,502.34
"1271","2006-11-14",362.93,502.64
"1272","2006-11-15",362.06,504.86
"1273","2006-11-16",360.9,505.01
"1274","2006-11-17",361.41,499.39
"1275","2006-11-20",361.39,497.32
"1276","2006-11-21",365.29,510.86
"1277","2006-11-22",365.52,509.24
"1278","2006-11-23",365.52,509.24
"1279","2006-11-24",365.62,509.38
"1280","2006-11-27",372.5,527.23
"1281","2006-11-28",370.6,532.16
"1282","2006-11-29",369.55,530.23
"1283","2006-11-30",376,543.98
"1284","2006-12-01",374.72,546.95
"1285","2006-12-04",375.05,549.29
"1286","2006-12-05",373.37,540.88
"1287","2006-12-06",366.51,532.09
"1288","2006-12-07",367.19,541.42
"1289","2006-12-08",363.78,536.09
"1290","2006-12-11",366.12,541.32
"1291","2006-12-12",364.38,539.66
"1292","2006-12-13",364.84,537.22
"1293","2006-12-14",364.02,538.65
"1294","2006-12-15",357.26,501.26
"1295","2006-12-18",356.71,483.89
"1296","2006-12-19",361.09,491.1
"1297","2006-12-20",360.5,488.66
"1298","2006-12-21",358.99,482.73
"1299","2006-12-22",359.44,488.4
"1300","2006-12-25",359.44,488.4
"1301","2006-12-26",362.3,492.15
"1302","2006-12-27",364.31,499.95
"1303","2006-12-28",368.18,500.6
"1304","2006-12-29",368.86,500.47
"1305","2007-01-01",368.86,500.47
"1306","2007-01-02",369.06,500.75
"1307","2007-01-03",364.37,490.56
"1308","2007-01-04",362.34,497.01
"1309","2007-01-05",351.22,473.65
"1310","2007-01-08",352.81,478.88
"1311","2007-01-09",356.1,488.06
"1312","2007-01-10",355.22,482.31
"1313","2007-01-11",355.59,482.96
"1314","2007-01-12",363.11,499.3
"1315","2007-01-15",363.11,499.3
"1316","2007-01-16",362.74,489.69
"1317","2007-01-17",367.04,500.04
"1318","2007-01-18",364.1,492.15
"1319","2007-01-19",368.98,501.34
"1320","2007-01-22",367.81,504.66
"1321","2007-01-23",374.7,514.82
"1322","2007-01-24",376.07,515.4
"1323","2007-01-25",376.07,523.89
"1324","2007-01-26",373.99,519.5
"1325","2007-01-29",373.23,514.86
"1326","2007-01-30",373.91,519.79
"1327","2007-01-31",378.4,527.44
"1328","2007-02-01",381.38,533.54
"1329","2007-02-02",374.82,520.01
"1330","2007-02-05",377.62,527.42
"1331","2007-02-06",379.17,531.97
"1332","2007-02-07",378.42,533.41
"1333","2007-02-08",381.64,535.82
"1334","2007-02-09",387.16,541.53
"1335","2007-02-12",384.45,533.97
"1336","2007-02-13",385.19,541.83
"1337","2007-02-14",387.26,543.84
"1338","2007-02-15",386.97,543.76
"1339","2007-02-16",387.83,544.92
"1340","2007-02-19",387.83,544.92
"1341","2007-02-20",381.25,539.09
"1342","2007-02-21",394.57,556.3
"1343","2007-02-22",394.04,555.65
"1344","2007-02-23",396.23,569.17
"1345","2007-02-26",398.19,573.12
"1346","2007-02-27",396.75,567.71
"1347","2007-02-28",388.31,550.21
"1348","2007-03-01",384.1,527.67
"1349","2007-03-02",372.02,501.07
"1350","2007-03-05",369.35,493.16
"1351","2007-03-06",373.45,502.32
"1352","2007-03-07",377.37,507.03
"1353","2007-03-08",378.92,507.68
"1354","2007-03-09",376.98,501.95
"1355","2007-03-12",376.13,506.61
"1356","2007-03-13",375.66,501.84
"1357","2007-03-14",371.7,496.88
"1358","2007-03-15",374.39,506.43
"1359","2007-03-16",378.4,511.93
"1360","2007-03-19",378.73,512.84
"1361","2007-03-20",381.53,518.22
"1362","2007-03-21",382.16,516.35
"1363","2007-03-22",384.62,522.62
"1364","2007-03-23",380.66,512.89
"1365","2007-03-26",384.66,520.2
"1366","2007-03-27",383.91,515.23
"1367","2007-03-28",386.32,522.09
"1368","2007-03-29",383.33,517.7
"1369","2007-03-30",384.18,522.04
"1370","2007-04-02",385.78,518.37
"1371","2007-04-03",384.8,521.55
"1372","2007-04-04",389.27,529
"1373","2007-04-05",390.48,533.73
"1374","2007-04-06",390.48,533.73
"1375","2007-04-09",389.25,536.74
"1376","2007-04-10",391.95,541.48
"1377","2007-04-11",392.12,539.97
"1378","2007-04-12",391.02,538.72
"1379","2007-04-13",396.94,547.89
"1380","2007-04-16",399.75,547.69
"1381","2007-04-17",398.66,545.41
"1382","2007-04-18",399.17,543.68
"1383","2007-04-19",396.35,534.42
"1384","2007-04-20",400.72,543.13
"1385","2007-04-23",399.96,547.02
"1386","2007-04-24",396.27,536.75
"1387","2007-04-25",396.15,536.09
"1388","2007-04-26",390.79,519.12
"1389","2007-04-27",393.03,523.82
"1390","2007-04-30",394.17,524.03
"1391","2007-05-01",390.65,516.18
"1392","2007-05-02",389.43,514.9
"1393","2007-05-03",394.85,521.73
"1394","2007-05-04",397.96,522.57
"1395","2007-05-07",398.52,527.03
"1396","2007-05-08",396.85,525.55
"1397","2007-05-09",394.08,520.6
"1398","2007-05-10",385.2,507.92
"1399","2007-05-11",388.29,514.36
"1400","2007-05-14",387.19,511.86
"1401","2007-05-15",389.7,515.02
"1402","2007-05-16",382.25,500.2
"1403","2007-05-17",379.84,498.45
"1404","2007-05-18",382.64,503.15
"1405","2007-05-21",383.82,508.27
"1406","2007-05-22",381.64,502.92
"1407","2007-05-23",383.24,507.44
"1408","2007-05-24",377.9,500.34
"1409","2007-05-25",379.1,503.51
"1410","2007-05-28",379.1,503.51
"1411","2007-05-29",380.45,512.42
"1412","2007-05-30",378.15,512.37
"1413","2007-05-31",382.44,522.13
"1414","2007-06-01",388.34,532.66
"1415","2007-06-04",388.15,533.07
"1416","2007-06-05",387.52,535.74
"1417","2007-06-06",387.28,532.12
"1418","2007-06-07",381.93,523
"1419","2007-06-08",373.43,506.02
"1420","2007-06-11",378.57,515.3
"1421","2007-06-12",375.23,508.2
"1422","2007-06-13",375.05,507.08
"1423","2007-06-14",376.94,511.23
"1424","2007-06-15",378.6,514.94
"1425","2007-06-18",379.44,514.22
"1426","2007-06-19",382.24,517.75
"1427","2007-06-20",379.59,514.89
"1428","2007-06-21",376.3,508.76
"1429","2007-06-22",377.96,506.13
"1430","2007-06-25",376.78,500.81
"1431","2007-06-26",371.42,477.58
"1432","2007-06-27",371.18,474.87
"1433","2007-06-28",374.45,481.71
"1434","2007-06-29",374.79,480.54
"1435","2007-07-02",379.71,491.02
"1436","2007-07-03",377.58,488.97
"1437","2007-07-04",377.58,488.97
"1438","2007-07-05",374.91,485.05
"1439","2007-07-06",377.38,491.94
"1440","2007-07-09",381.97,494.57
"1441","2007-07-10",383.13,500.61
"1442","2007-07-11",381.86,500.68
"1443","2007-07-12",385.45,508.66
"1444","2007-07-13",384.98,506.03
"1445","2007-07-16",384.57,504.49
"1446","2007-07-17",384.39,502.75
"1447","2007-07-18",388.86,513.32
"1448","2007-07-19",391.46,516.67
"1449","2007-07-20",395.26,517.82
"1450","2007-07-23",393.6,515.21
"1451","2007-07-24",395.58,519.65
"1452","2007-07-25",389.29,508.39
"1453","2007-07-26",382.88,500.73
"1454","2007-07-27",381.34,491.71
"1455","2007-07-30",383.94,499.19
"1456","2007-07-31",385.52,503.67
"1457","2007-08-01",383.64,501.33
"1458","2007-08-02",384.09,502.95
"1459","2007-08-03",388.57,509.33
"1460","2007-08-06",388.1,504.69
"1461","2007-08-07",387.59,507.16
"1462","2007-08-08",389.91,510.15
"1463","2007-08-09",382.29,492.21
"1464","2007-08-10",387.35,498.64
"1465","2007-08-13",387.1,498.33
"1466","2007-08-14",386.47,494.3
"1467","2007-08-15",386.52,486.8
"1468","2007-08-16",374.23,445.62
"1469","2007-08-17",379.28,457.56
"1470","2007-08-20",379.26,455.18
"1471","2007-08-21",379.12,446.42
"1472","2007-08-22",380.57,448.71
"1473","2007-08-23",380.43,451.38
"1474","2007-08-24",385.64,462.9
"1475","2007-08-27",384.99,456.35
"1476","2007-08-28",383.51,456.41
"1477","2007-08-29",384.64,459.64
"1478","2007-08-30",383.83,457.9
"1479","2007-08-31",388.44,468.3
"1480","2007-09-03",388.44,468.3
"1481","2007-09-04",394.11,476.89
"1482","2007-09-05",393.7,473.39
"1483","2007-09-06",401.67,480.26
"1484","2007-09-07",404.63,489.02
"1485","2007-09-10",406.2,486.9
"1486","2007-09-11",411.32,492.13
"1487","2007-09-12",411.14,490.57
"1488","2007-09-13",409.58,486.29
"1489","2007-09-14",409.57,487.3
"1490","2007-09-17",413.12,494.93
"1491","2007-09-18",413.11,495.95
"1492","2007-09-19",416.47,502.91
"1493","2007-09-20",422.45,516.98
"1494","2007-09-21",421.93,522.79
"1495","2007-09-24",422.3,523.74
"1496","2007-09-25",422.06,523.02
"1497","2007-09-26",420.22,520.2
"1498","2007-09-27",422.78,524.1
"1499","2007-09-28",428.6,534.72
"1500","2007-10-01",431.08,532.39
"1501","2007-10-02",420.95,516.88
"1502","2007-10-03",420.65,517.71
"1503","2007-10-04",425.33,518.92
"1504","2007-10-05",427.32,518.59
"1505","2007-10-08",422.59,513.76
"1506","2007-10-09",425.15,522.39
"1507","2007-10-10",426.86,525.71
"1508","2007-10-11",433.03,537.96
"1509","2007-10-12",431.42,534.87
"1510","2007-10-15",436.37,533.2
"1511","2007-10-16",436.3,525.68
"1512","2007-10-17",436.53,529.28
"1513","2007-10-18",440.24,531.38
"1514","2007-10-19",440.12,524.98
"1515","2007-10-22",435.47,522.08
"1516","2007-10-23",437.29,525.79
"1517","2007-10-24",438.77,523.54
"1518","2007-10-25",441.91,535.73
"1519","2007-10-26",451.42,550.24
"1520","2007-10-29",454.49,556.2
"1521","2007-10-30",451.79,552.33
"1522","2007-10-31",456.14,556.63
"1523","2007-11-01",455.27,552.33
"1524","2007-11-02",463.81,562.96
"1525","2007-11-05",465.28,570.32
"1526","2007-11-06",472.56,593.33
"1527","2007-11-07",478.4,591.26
"1528","2007-11-08",480.74,598.63
"1529","2007-11-09",479.21,599.88
"1530","2007-11-12",463.86,569.86
"1531","2007-11-13",458.85,564.11
"1532","2007-11-14",468,581.73
"1533","2007-11-15",452.27,559.3
"1534","2007-11-16",452.15,560.42
"1535","2007-11-19",447.15,547.19
"1536","2007-11-20",454.94,560.44
"1537","2007-11-21",459.09,557.4
"1538","2007-11-22",459.09,557.4
"1539","2007-11-23",474.11,569.64
"1540","2007-11-26",475.32,573.58
"1541","2007-11-27",468.24,560.35
"1542","2007-11-28",460.35,554.68
"1543","2007-11-29",457.54,551.37
"1544","2007-11-30",450.06,540.73
"1545","2007-12-03",453.37,542.59
"1546","2007-12-04",460.77,552.37
"1547","2007-12-05",458.58,552.23
"1548","2007-12-06",460.56,558.58
"1549","2007-12-07",456.66,554.04
"1550","2007-12-10",464.37,567.36
"1551","2007-12-11",466.46,567.98
"1552","2007-12-12",467.47,566.5
"1553","2007-12-13",459.06,544.08
"1554","2007-12-14",455.67,534.42
"1555","2007-12-17",456.53,534.44
"1556","2007-12-18",461.2,541.55
"1557","2007-12-19",460.09,543.78
"1558","2007-12-20",458.87,548.34
"1559","2007-12-21",465.88,554.04
"1560","2007-12-24",466.63,560.76
"1561","2007-12-25",466.63,560.76
"1562","2007-12-26",474.14,567.56
"1563","2007-12-27",475.5,566.96
"1564","2007-12-28",481.78,569.95
"1565","2007-12-31",479.22,571.07
"1566","2008-01-01",479.22,571.07
"1567","2008-01-02",491.89,585.34
"1568","2008-01-03",497.14,593.43
"1569","2008-01-04",495.24,592.03
"1570","2008-01-07",493.26,585.61
"1571","2008-01-08",503.78,605.77
"1572","2008-01-09",504.62,606.78
"1573","2008-01-10",511.43,623.49
"1574","2008-01-11",513.78,627.19
"1575","2008-01-14",517.12,629.46
"1576","2008-01-15",516.71,624.73
"1577","2008-01-16",504.82,609.26
"1578","2008-01-17",503.95,613.72
"1579","2008-01-18",504.62,621.63
"1580","2008-01-21",504.62,621.63
"1581","2008-01-22",509.4,617.63
"1582","2008-01-23",505.05,612.49
"1583","2008-01-24",518.22,626.45
"1584","2008-01-25",521.1,632.51
"1585","2008-01-28",530.65,642.61
"1586","2008-01-29",529.54,644.57
"1587","2008-01-30",527.02,643.08
"1588","2008-01-31",528.02,652.14
"1589","2008-02-01",519.8,647.39
"1590","2008-02-04",517.57,644.06
"1591","2008-02-05",506.73,627.4
"1592","2008-02-06",515.13,635.31
"1593","2008-02-07",518.01,643.99
"1594","2008-02-08",525.04,656.89
"1595","2008-02-11",527.65,670.85
"1596","2008-02-12",518.8,662.45
"1597","2008-02-13",518.32,666.46
"1598","2008-02-14",518.69,662.76
"1599","2008-02-15",516.05,657.61
"1600","2008-02-18",516.05,657.61
"1601","2008-02-19",529.68,672.78
"1602","2008-02-20",534.27,682.52
"1603","2008-02-21",540.79,689.94
"1604","2008-02-22",540.03,693.34
"1605","2008-02-25",535.97,695.53
"1606","2008-02-26",540.79,719.99
"1607","2008-02-27",547.72,738.84
"1608","2008-02-28",551.45,753.29
"1609","2008-02-29",555.76,761.17
"1610","2008-03-03",561.11,771.44
"1611","2008-03-04",550.93,758.48
"1612","2008-03-05",563.61,794.64
"1613","2008-03-06",557.14,773.27
"1614","2008-03-07",555.52,774.27
"1615","2008-03-10",554.22,756.6
"1616","2008-03-11",556.66,755.79
"1617","2008-03-12",559.2,764.69
"1618","2008-03-13",566.83,780.98
"1619","2008-03-14",570.03,790
"1620","2008-03-17",571.68,776.51
"1621","2008-03-18",572.67,763.53
"1622","2008-03-19",539.13,705.6
"1623","2008-03-20",524.73,644.6
"1624","2008-03-21",524.73,644.6
"1625","2008-03-24",524.17,654.63
"1626","2008-03-25",533.56,681.05
"1627","2008-03-26",541.81,703.38
"1628","2008-03-27",541.71,709.79
"1629","2008-03-28",531.79,686.48
"1630","2008-03-31",523.33,662.44
"1631","2008-04-01",504.21,646.39
"1632","2008-04-02",511.27,657.52
"1633","2008-04-03",516.63,669.02
"1634","2008-04-04",518.7,679.58
"1635","2008-04-07",526.49,693.63
"1636","2008-04-08",521.51,677.9
"1637","2008-04-09",532.61,696.76
"1638","2008-04-10",529.39,690.8
"1639","2008-04-11",526.68,677.43
"1640","2008-04-14",527.71,681.29
"1641","2008-04-15",529.6,683.63
"1642","2008-04-16",538.88,701.88
"1643","2008-04-17",535.83,701.3
"1644","2008-04-18",520.1,682.96
"1645","2008-04-21",521.51,665.4
"1646","2008-04-22",525.85,678.75
"1647","2008-04-23",516.67,657.9
"1648","2008-04-24",505.54,638.58
"1649","2008-04-25",505.73,645.84
"1650","2008-04-28",509.09,652.2
"1651","2008-04-29",498.48,633.83
"1652","2008-04-30",491.84,632.06
"1653","2008-05-01",483.79,617.31
"1654","2008-05-02",487.85,627.24
"1655","2008-05-05",497.06,641.22
"1656","2008-05-06",499.13,642.39
"1657","2008-05-07",495.45,636.13
"1658","2008-05-08",501.66,642.83
"1659","2008-05-09",503.8,644.38
"1660","2008-05-12",503.36,656.47
"1661","2008-05-13",494.76,641.37
"1662","2008-05-14",493.03,633.21
"1663","2008-05-15",500.58,635.99
"1664","2008-05-16",511.93,646.5
"1665","2008-05-19",515.47,649.19
"1666","2008-05-20",523.65,675.8
"1667","2008-05-21",528.55,688.22
"1668","2008-05-22",522.8,687.3
"1669","2008-05-23",527.13,697.45
"1670","2008-05-26",527.13,697.45
"1671","2008-05-27",517.15,666.12
"1672","2008-05-28",512.76,664.25
"1673","2008-05-29",499.58,629.96
"1674","2008-05-30",505.16,643.34
"1675","2008-06-02",508.36,645.16
"1676","2008-06-03",501.87,642.33
"1677","2008-06-04",500.93,646.37
"1678","2008-06-05",496.25,655.18
"1679","2008-06-06",509.6,665.13
"1680","2008-06-09",509.16,656.84
"1681","2008-06-10",493.94,634.98
"1682","2008-06-11",500.6,643.38
"1683","2008-06-12",494.44,629.36
"1684","2008-06-13",495.09,632.24
"1685","2008-06-16",502.66,657.95
"1686","2008-06-17",503.02,652.03
"1687","2008-06-18",506.8,662.12
"1688","2008-06-19",512.89,667.17
"1689","2008-06-20",512.64,664.44
"1690","2008-06-23",503.37,641.43
"1691","2008-06-24",505.89,635.51
"1692","2008-06-25",500.64,630.53
"1693","2008-06-26",519.28,653.83
"1694","2008-06-27",528.5,672.47
"1695","2008-06-30",526.88,664.98
"1696","2008-07-01",536.1,694.64
"1697","2008-07-02",537.26,699.8
"1698","2008-07-03",529.97,697.75
"1699","2008-07-04",529.97,697.75
"1700","2008-07-07",527.35,680.8
"1701","2008-07-08",524.26,682.17
"1702","2008-07-09",527.32,690.56
"1703","2008-07-10",534.97,696.11
"1704","2008-07-11",545.6,715.14
"1705","2008-07-14",553.06,731.59
"1706","2008-07-15",555.84,722.62
"1707","2008-07-16",546.82,714.75
"1708","2008-07-17",551.39,712.12
"1709","2008-07-18",544.28,691.82
"1710","2008-07-21",547.61,700.46
"1711","2008-07-22",538.98,684.52
"1712","2008-07-23",524.5,663.76
"1713","2008-07-24",524.18,657.7
"1714","2008-07-25",526.79,660.66
"1715","2008-07-28",527.36,664.16
"1716","2008-07-29",520.98,660.77
"1717","2008-07-30",513.07,664.23
"1718","2008-07-31",518.94,676.62
"1719","2008-08-01",516.04,666.38
"1720","2008-08-04",510.72,652.02
"1721","2008-08-05",498.48,630.44
"1722","2008-08-06",496.76,627.93
"1723","2008-08-07",493.91,618.52
"1724","2008-08-08",486.57,583.3
"1725","2008-08-11",466.1,556.37
"1726","2008-08-12",458.41,551.27
"1727","2008-08-13",467.95,565.02
"1728","2008-08-14",458.4,541.74
"1729","2008-08-15",445.82,487.82
"1730","2008-08-18",453.55,498.73
"1731","2008-08-19",459.82,498.86
"1732","2008-08-20",459.56,496.36
"1733","2008-08-21",472.36,522.43
"1734","2008-08-22",469.29,512.9
"1735","2008-08-25",464.97,508.79
"1736","2008-08-26",466.35,516.33
"1737","2008-08-27",469.69,512.2
"1738","2008-08-28",471.52,517.4
"1739","2008-08-29",470.41,517.5
"1740","2008-09-01",470.41,517.5
"1741","2008-09-02",456.59,496.38
"1742","2008-09-03",455.31,488.92
"1743","2008-09-04",452.52,488.68
"1744","2008-09-05",452.31,465.48
"1745","2008-09-08",452.21,455.72
"1746","2008-09-09",446.31,442.52
"1747","2008-09-10",429.71,411.38
"1748","2008-09-11",420.15,398.75
"1749","2008-09-12",430.88,407.83
"1750","2008-09-15",443.62,420.74
"1751","2008-09-16",439.97,397.4
"1752","2008-09-17",479.44,441.16
"1753","2008-09-18",505.67,479.91
"1754","2008-09-19",487.47,471.42
"1755","2008-09-22",512.49,508.31
"1756","2008-09-23",502.48,497.75
"1757","2008-09-24",504.64,507.97
"1758","2008-09-25",497.33,501.76
"1759","2008-09-26",501.01,510.39
"1760","2008-09-29",504.4,492.38
"1761","2008-09-30",496.75,464.05
"1762","2008-10-01",500.43,482.77
"1763","2008-10-02",476.19,420.41
"1764","2008-10-03",469.95,428.17
"1765","2008-10-06",488.6,426.7
"1766","2008-10-07",497.52,430.3
"1767","2008-10-08",511.35,445.13
"1768","2008-10-09",500.07,449.03
"1769","2008-10-10",484.57,400.82
"1770","2008-10-13",475.28,408.02
"1771","2008-10-14",473.59,418.24
"1772","2008-10-15",473.31,384.96
"1773","2008-10-16",453.86,364.36
"1774","2008-10-17",444.39,353.02
"1775","2008-10-20",445.7,366.46
"1776","2008-10-21",433.31,381.03
"1777","2008-10-22",414.82,357.79
"1778","2008-10-23",403.26,359.31
"1779","2008-10-24",412.08,351.57
"1780","2008-10-27",419.23,347.83
"1781","2008-10-28",417.89,332.51
"1782","2008-10-29",425.52,370.92
"1783","2008-10-30",416.78,370.17
"1784","2008-10-31",405.34,368.1
"1785","2008-11-03",410.22,368.88
"1786","2008-11-04",427.44,383.27
"1787","2008-11-05",419.04,395.57
"1788","2008-11-06",413.29,380.44
"1789","2008-11-07",414.42,376.96
"1790","2008-11-10",421.37,386.74
"1791","2008-11-11",413.58,370.99
"1792","2008-11-12",405.34,358.72
"1793","2008-11-13",397.72,332.75
"1794","2008-11-14",419.06,359.14
"1795","2008-11-17",418.68,353
"1796","2008-11-18",413.05,361.07
"1797","2008-11-19",414.69,351.99
"1798","2008-11-20",421.95,341.1
"1799","2008-11-21",446.17,358.29
"1800","2008-11-24",461.94,391.2
"1801","2008-11-25",462,388.45
"1802","2008-11-26",456.82,387.09
"1803","2008-11-27",456.82,387.09
"1804","2008-11-28",461.16,385.63
"1805","2008-12-01",437.4,353.59
"1806","2008-12-02",441.06,362.45
"1807","2008-12-03",433.86,361.51
"1808","2008-12-04",431.04,358.87
"1809","2008-12-05",423.55,355.48
"1810","2008-12-08",433.18,376.02
"1811","2008-12-09",435.94,371.31
"1812","2008-12-10",455.42,384.5
"1813","2008-12-11",465.45,392.98
"1814","2008-12-12",462.01,385.63
"1815","2008-12-15",471.02,400.34
"1816","2008-12-16",474.51,403.54
"1817","2008-12-17",489.04,430.49
"1818","2008-12-18",484.59,419.19
"1819","2008-12-19",471.53,409.01
"1820","2008-12-22",477.05,409.39
"1821","2008-12-23",471.93,386.77
"1822","2008-12-24",477.5,390.16
"1823","2008-12-25",477.5,390.16
"1824","2008-12-26",490.57,396.95
"1825","2008-12-29",492.88,407.51
"1826","2008-12-30",489.9,413.91
"1827","2008-12-31",497.95,425.79
"1828","2009-01-01",497.95,425.79
"1829","2009-01-02",495.25,433.14
"1830","2009-01-05",483.03,424.85
"1831","2009-01-06",487.65,431.45
"1832","2009-01-07",473.97,418.63
"1833","2009-01-08",481.18,418.33
"1834","2009-01-09",481.47,426.74
"1835","2009-01-12",462.32,405.26
"1836","2009-01-13",462.19,402.62
"1837","2009-01-14",455.45,394.9
"1838","2009-01-15",454.78,393.58
"1839","2009-01-16",473.11,422.8
"1840","2009-01-19",473.11,422.8
"1841","2009-01-20",481.66,421.29
"1842","2009-01-21",478.79,426.95
"1843","2009-01-22",483.74,428.46
"1844","2009-01-23",504.66,450.14
"1845","2009-01-26",511.97,456.55
"1846","2009-01-27",506.75,459
"1847","2009-01-28",500.34,451.01
"1848","2009-01-29",509.62,457.88
"1849","2009-01-30",521.93,473.71
"1850","2009-02-02",510.02,468.06
"1851","2009-02-03",501.76,463.73
"1852","2009-02-04",507.22,470.15
"1853","2009-02-05",513.97,480.71
"1854","2009-02-06",514.03,496.17
"1855","2009-02-09",501.95,483.73
"1856","2009-02-10",513.99,495.07
"1857","2009-02-11",531.03,509.83
"1858","2009-02-12",533.67,509.45
"1859","2009-02-13",529.74,513.82
"1860","2009-02-16",529.74,513.82
"1861","2009-02-17",543.99,528.48
"1862","2009-02-18",550.01,539.01
"1863","2009-02-19",549.06,525.59
"1864","2009-02-20",563.51,546.58
"1865","2009-02-23",559.48,545.02
"1866","2009-02-24",545.15,527.83
"1867","2009-02-25",543.3,523.28
"1868","2009-02-26",530.03,488.11
"1869","2009-02-27",529.98,493.2
"1870","2009-03-02",528.59,491.7
"1871","2009-03-03",513.74,478.35
"1872","2009-03-04",509.87,485.88
"1873","2009-03-05",521.74,493.6
"1874","2009-03-06",530.12,501.61
"1875","2009-03-09",516.25,486.84
"1876","2009-03-10",503.81,471.79
"1877","2009-03-11",512.16,481.58
"1878","2009-03-12",519.63,486.96
"1879","2009-03-13",523.11,497.2
"1880","2009-03-16",518.58,484.98
"1881","2009-03-17",515.67,476.71
"1882","2009-03-18",500.07,449.06
"1883","2009-03-19",539.18,508.7
"1884","2009-03-20",537.78,520.74
"1885","2009-03-23",535.72,522.07
"1886","2009-03-24",519.56,502.58
"1887","2009-03-25",526.3,505.59
"1888","2009-03-26",528.66,512.48
"1889","2009-03-27",519.18,499.05
"1890","2009-03-30",514.92,490.41
"1891","2009-03-31",519.02,488.6
"1892","2009-04-01",520.54,488.23
"1893","2009-04-02",509.99,490.11
"1894","2009-04-03",503.49,479.2
"1895","2009-04-06",489.75,455.69
"1896","2009-04-07",495.64,459.46
"1897","2009-04-08",497.1,464.35
"1898","2009-04-09",495.65,463.99
"1899","2009-04-10",495.65,463.99
"1900","2009-04-13",502.67,480.49
"1901","2009-04-14",500.54,480.38
"1902","2009-04-15",501.39,481.66
"1903","2009-04-16",493.7,461.12
"1904","2009-04-17",487.03,443.59
"1905","2009-04-20",498.03,455.46
"1906","2009-04-21",495.34,453.77
"1907","2009-04-22",500.84,463.05
"1908","2009-04-23",508.76,479.98
"1909","2009-04-24",512.97,486.26
"1910","2009-04-27",509.66,487.58
"1911","2009-04-28",501.47,466.59
"1912","2009-04-29",505.35,479.69
"1913","2009-04-30",500.13,462.8
"1914","2009-05-01",498.45,469.37
"1915","2009-05-04",506.31,492.39
"1916","2009-05-05",507.49,503.92
"1917","2009-05-06",511.25,514.82
"1918","2009-05-07",513.78,526.84
"1919","2009-05-08",513.44,524.02
"1920","2009-05-11",512.68,522.34
"1921","2009-05-12",518.55,533.8
"1922","2009-05-13",519.67,526.48
"1923","2009-05-14",521.02,527.23
"1924","2009-05-15",522.59,526.11
"1925","2009-05-18",517.22,519.36
"1926","2009-05-19",520.02,530.44
"1927","2009-05-20",526.02,536.26
"1928","2009-05-21",533.64,542.46
"1929","2009-05-22",537.95,551.85
"1930","2009-05-25",537.95,551.85
"1931","2009-05-26",534.94,548.29
"1932","2009-05-27",535,558.25
"1933","2009-05-28",539.48,569.33
"1934","2009-05-29",549.06,586.23
"1935","2009-06-01",548.9,590.94
"1936","2009-06-02",551.37,599.2
"1937","2009-06-03",540.84,574.98
"1938","2009-06-04",550.2,596.95
"1939","2009-06-05",539.17,577.91
"1940","2009-06-08",533.52,561.66
"1941","2009-06-09",534.75,568.63
"1942","2009-06-10",534.75,571.85
"1943","2009-06-11",538.85,581.93
"1944","2009-06-12",526.92,558.7
"1945","2009-06-15",519.53,527.01
"1946","2009-06-16",522.17,530.76
"1947","2009-06-17",524.3,536.34
"1948","2009-06-18",523.52,534.84
"1949","2009-06-19",524.42,533.39
"1950","2009-06-22",515.91,514.81
"1951","2009-06-23",517.76,519.98
"1952","2009-06-24",523.42,522.46
"1953","2009-06-25",526.28,525.83
"1954","2009-06-26",527.12,530.48
"1955","2009-06-29",526.96,523.71
"1956","2009-06-30",519.52,509.66
"1957","2009-07-01",527.3,515.66
"1958","2009-07-02",521.54,502.47
"1959","2009-07-03",521.54,502.47
"1960","2009-07-06",517.8,496.11
"1961","2009-07-07",520.49,495.44
"1962","2009-07-08",509.4,481.65
"1963","2009-07-09",513.29,484.76
"1964","2009-07-10",511.22,473.89
"1965","2009-07-13",516.82,479.15
"1966","2009-07-14",516.94,481.77
"1967","2009-07-15",526.22,495.01
"1968","2009-07-16",523.99,496.02
"1969","2009-07-17",525.16,502.32
"1970","2009-07-20",531.48,510.65
"1971","2009-07-21",530.37,505.14
"1972","2009-07-22",533.94,513.46
"1973","2009-07-23",534.84,516.09
"1974","2009-07-24",533.89,520.03
"1975","2009-07-27",534.13,524.35
"1976","2009-07-28",525.97,514.98
"1977","2009-07-29",519.27,496.92
"1978","2009-07-30",523.52,505.43
"1979","2009-07-31",533.86,522.48
"1980","2009-08-03",535.54,534.19
"1981","2009-08-04",541.63,550.79
"1982","2009-08-05",539.74,553.23
"1983","2009-08-06",537.84,548.92
"1984","2009-08-07",535.94,549.79
"1985","2009-08-10",528.91,538.06
"1986","2009-08-11",529.31,537.66
"1987","2009-08-12",532.05,546.67
"1988","2009-08-13",534.28,561.77
"1989","2009-08-14",529.93,551.86
"1990","2009-08-17",522.73,523.72
"1991","2009-08-18",524.63,523.17
"1992","2009-08-19",527.76,519.95
"1993","2009-08-20",526.04,520.11
"1994","2009-08-21",533.3,530.8
"1995","2009-08-24",527.16,532
"1996","2009-08-25",528.45,536.31
"1997","2009-08-26",528.34,534.14
"1998","2009-08-27",529.18,532.76
"1999","2009-08-28",535.61,553.85
"2000","2009-08-31",532.65,557.89
"2001","2009-09-01",534.33,563.01
"2002","2009-09-02",546.62,574.42
"2003","2009-09-03",557.35,609
"2004","2009-09-04",556.8,608.82
"2005","2009-09-07",556.8,608.82
"2006","2009-09-08",558.54,617.24
"2007","2009-09-09",557.03,615.75
"2008","2009-09-10",556.87,623.23
"2009","2009-09-11",562.23,624.35
"2010","2009-09-14",559.28,621.48
"2011","2009-09-15",562.18,635.58
"2012","2009-09-16",569.95,651.65
"2013","2009-09-17",566.21,645.49
"2014","2009-09-18",564.42,638.01
"2015","2009-09-21",561.41,631.1
"2016","2009-09-22",567.34,639.89
"2017","2009-09-23",566.72,632.23
"2018","2009-09-24",558.07,609.24
"2019","2009-09-25",553.99,600.45
"2020","2009-09-28",555.39,605.51
"2021","2009-09-29",555.56,604.87
"2022","2009-09-30",563.89,622.82
"2023","2009-10-01",559.08,614.67
"2024","2009-10-02",561.1,606.82
"2025","2009-10-05",568.65,618.23
"2026","2009-10-06",580.88,646.65
"2027","2009-10-07",583.51,654.31
"2028","2009-10-08",590.16,666.09
"2029","2009-10-09",585.86,661.42
"2030","2009-10-12",590.83,666.29
"2031","2009-10-13",595.03,667.03
"2032","2009-10-14",594.86,669.58
"2033","2009-10-15",586.98,651.15
"2034","2009-10-16",587.49,651.33
"2035","2009-10-19",591.18,659
"2036","2009-10-20",591.46,656.5
"2037","2009-10-21",594.76,666.48
"2038","2009-10-22",591.46,656.02
"2039","2009-10-23",590.23,662.67
"2040","2009-10-26",582.64,639.2
"2041","2009-10-27",578.5,618.45
"2042","2009-10-28",575.77,607.23
"2043","2009-10-29",585.04,622.75
"2044","2009-10-30",581.3,607.79
"2045","2009-11-02",588.9,614.72
"2046","2009-11-03",606.17,642.39
"2047","2009-11-04",607.51,650.8
"2048","2009-11-05",608.63,650.99
"2049","2009-11-06",612.21,649.68
"2050","2009-11-09",615.41,653.62
"2051","2009-11-10",616.02,643.97
"2052","2009-11-11",622.78,655.76
"2053","2009-11-12",618.31,645.57
"2054","2009-11-13",623.95,649.87
"2055","2009-11-16",636.57,688.01
"2056","2009-11-17",636.68,687.49
"2057","2009-11-18",637.68,688.53
"2058","2009-11-19",638.08,689.99
"2059","2009-11-20",640.76,689.47
"2060","2009-11-23",650.8,695.93
"2061","2009-11-24",651.48,690.15
"2062","2009-11-25",663.31,701.56
"2063","2009-11-26",663.31,701.56
"2064","2009-11-27",656,684.21
"2065","2009-11-30",659.79,691.31
"2066","2009-12-01",669.78,716.87
"2067","2009-12-02",676.93,721.16
"2068","2009-12-03",679.89,713.81
"2069","2009-12-04",652.66,691.12
"2070","2009-12-07",649.59,685.16
"2071","2009-12-08",638.09,664.52
"2072","2009-12-09",625.54,641.12
"2073","2009-12-10",628.5,641.42
"2074","2009-12-11",624.98,637.77
"2075","2009-12-14",627.16,647.1
"2076","2009-12-15",626.72,651.39
"2077","2009-12-16",634.08,660.27
"2078","2009-12-17",618.01,641.69
"2079","2009-12-18",620.3,646.36
"2080","2009-12-21",611.65,635.72
"2081","2009-12-22",606.46,635.54
"2082","2009-12-23",610.54,641.51
"2083","2009-12-24",616.57,650.84
"2084","2009-12-25",616.57,650.84
"2085","2009-12-28",618.3,655.32
"2086","2009-12-29",612.83,638.53
"2087","2009-12-30",609.71,627.04
"2088","2009-12-31",611.78,628.65
"2089","2010-01-01",611.78,628.65
"2090","2010-01-04",624.12,651.72
"2091","2010-01-05",624.34,664.29
"2092","2010-01-06",634.28,678.29
"2093","2010-01-07",632.72,684.64
"2094","2010-01-08",635.62,689.3
"2095","2010-01-11",642.6,697.71
"2096","2010-01-12",630.33,681.29
"2097","2010-01-13",634.46,692.3
"2098","2010-01-14",637.87,696.22
"2099","2010-01-15",630.9,687.71
"2100","2010-01-18",630.9,687.71
"2101","2010-01-19",636.14,701.63
"2102","2010-01-20",620.76,667.3
"2103","2010-01-21",615.52,653.49
"2104","2010-01-22",608.05,631.92
"2105","2010-01-25",611.4,639.87
"2106","2010-01-26",612.91,629.24
"2107","2010-01-27",605.21,613.56
"2108","2010-01-28",604.71,605.05
"2109","2010-01-29",604.16,604.23
"2110","2010-02-01",615.98,621.78
"2111","2010-02-02",623.23,624.88
"2112","2010-02-03",619.88,608.98
"2113","2010-02-04",592.57,572.89
"2114","2010-02-05",586.89,553.48
"2115","2010-02-08",594.36,563.03
"2116","2010-02-09",600.49,576.1
"2117","2010-02-10",599.99,571.07
"2118","2010-02-11",610.25,581.91
"2119","2010-02-12",607.64,576.54
"2120","2010-02-15",607.64,576.54
"2121","2010-02-16",624.25,602.75
"2122","2010-02-17",624.42,600.81
"2123","2010-02-18",623.65,599.4
"2124","2010-02-19",625.54,612.59
"2125","2010-02-22",620.53,605.48
"2126","2010-02-23",615.01,592.99
"2127","2010-02-24",611.67,594.86
"2128","2010-02-25",617.97,601.16
"2129","2010-02-26",623.77,615.66
"2130","2010-03-01",623.44,613.72
"2131","2010-03-02",634.09,635.9
"2132","2010-03-03",637.38,645.78
"2133","2010-03-04",631.7,640.08
"2134","2010-03-05",632.87,647.76
"2135","2010-03-08",626.64,643.66
"2136","2010-03-09",625.69,646.13
"2137","2010-03-10",617.78,634.2
"2138","2010-03-11",617.84,639.5
"2139","2010-03-12",614.22,635.33
"2140","2010-03-15",616.24,637.57
"2141","2010-03-16",625.71,646.74
"2142","2010-03-17",626.66,653.04
"2143","2010-03-18",628.5,649.28
"2144","2010-03-19",617.47,634.75
"2145","2010-03-22",612.97,631.14
"2146","2010-03-23",615.31,634.58
"2147","2010-03-24",606.96,620.19
"2148","2010-03-25",609.3,623.92
"2149","2010-03-26",615.6,630.07
"2150","2010-03-29",619,648.01
"2151","2010-03-30",615.78,645.89
"2152","2010-03-31",620.68,653.19
"2153","2010-04-01",627.14,666.76
"2154","2010-04-02",627.14,666.76
"2155","2010-04-05",631.44,675.27
"2156","2010-04-06",632.67,668.31
"2157","2010-04-07",642.14,678.3
"2158","2010-04-08",642.09,675.62
"2159","2010-04-09",647.1,683.97
"2160","2010-04-12",647.28,686.33
"2161","2010-04-13",642.38,680.15
"2162","2010-04-14",645.84,686.36
"2163","2010-04-15",646.23,687.07
"2164","2010-04-16",633.2,658.75
"2165","2010-04-19",632.59,660.84
"2166","2010-04-20",634.49,664.31
"2167","2010-04-21",639.84,673.91
"2168","2010-04-22",636.56,671.31
"2169","2010-04-23",642.57,678.16
"2170","2010-04-26",642.75,683.6
"2171","2010-04-27",647.32,675.42
"2172","2010-04-28",652.67,674.9
"2173","2010-04-29",651,691.42
"2174","2010-04-30",657.63,693.66
"2175","2010-05-03",659.09,701.15
"2176","2010-05-04",651.24,664.01
"2177","2010-05-05",654.47,652.55
"2178","2010-05-06",666.9,651.85
"2179","2010-05-07",674.19,686.68
"2180","2010-05-10",668.85,690.45
"2181","2010-05-11",679.73,718.07
"2182","2010-05-12",692.42,731.81
"2183","2010-05-13",684.69,725.71
"2184","2010-05-14",683.91,715.51
"2185","2010-05-17",684.09,701.9
"2186","2010-05-18",676.58,702.65
"2187","2010-05-19",664.63,674.22
"2188","2010-05-20",662.13,659.33
"2189","2010-05-21",655.18,656.95
"2190","2010-05-24",665.14,669.95
"2191","2010-05-25",667.37,661.8
"2192","2010-05-26",676,681.35
"2193","2010-05-27",675.5,687.38
"2194","2010-05-28",675.83,685.67
"2195","2010-05-31",675.83,685.67
"2196","2010-06-01",682.47,690.48
"2197","2010-06-02",680.08,681.7
"2198","2010-06-03",673.07,667.41
"2199","2010-06-04",677.36,643.89
"2200","2010-06-07",690.22,676.02
"2201","2010-06-08",692.89,687.76
"2202","2010-06-09",684.16,677.05
"2203","2010-06-10",679.88,683.08
"2204","2010-06-11",684.33,678.65
"2205","2010-06-14",681.17,685.34
"2206","2010-06-15",686.68,691.58
"2207","2010-06-16",684.51,686.49
"2208","2010-06-17",694.63,698.97
"2209","2010-06-18",699.97,714.16
"2210","2010-06-21",690.19,700.17
"2211","2010-06-22",690.25,703.62
"2212","2010-06-23",686.91,687.17
"2213","2010-06-24",693.09,697.28
"2214","2010-06-25",698.82,711.24
"2215","2010-06-28",689.03,695.13
"2216","2010-06-29",691.15,692.05
"2217","2010-06-30",693.1,694.77
"2218","2010-07-01",671.3,660.68
"2219","2010-07-02",671.86,658.04
"2220","2010-07-05",671.86,658.04
"2221","2010-07-06",664.86,663.18
"2222","2010-07-07",666.98,668.49
"2223","2010-07-08",665.42,663.74
"2224","2010-07-09",673.04,671.21
"2225","2010-07-12",666.88,665.43
"2226","2010-07-13",675.1,678.06
"2227","2010-07-14",671.54,679.29
"2228","2010-07-15",672.27,681.96
"2229","2010-07-16",661.07,660.65
"2230","2010-07-19",657.58,651.56
"2231","2010-07-20",662.97,657.13
"2232","2010-07-21",662.97,661.22
"2233","2010-07-22",665.08,672.99
"2234","2010-07-23",660.81,672.29
"2235","2010-07-26",658.27,675.98
"2236","2010-07-27",644.3,654.66
"2237","2010-07-28",644.63,647.79
"2238","2010-07-29",649.51,654.33
"2239","2010-07-30",656.56,668.67
"2240","2010-08-02",657.4,684.13
"2241","2010-08-03",658.57,684.25
"2242","2010-08-04",663.23,678.9
"2243","2010-08-05",665.12,680.5
"2244","2010-08-06",668.45,686.11
"2245","2010-08-09",666.96,677.58
"2246","2010-08-10",664.41,674.47
"2247","2010-08-11",665.08,664.98
"2248","2010-08-12",674.79,671.02
"2249","2010-08-13",674.74,672.66
"2250","2010-08-16",680.07,684.44
"2251","2010-08-17",681.24,690.63
"2252","2010-08-18",682.96,683.3
"2253","2010-08-19",685.18,680.6
"2254","2010-08-20",681.52,668.08
"2255","2010-08-23",681.36,668.13
"2256","2010-08-24",684.08,682.43
"2257","2010-08-25",688.47,706.28
"2258","2010-08-26",686.48,704.43
"2259","2010-08-27",686.59,706.36
"2260","2010-08-30",687.32,706.37
"2261","2010-08-31",693.48,719.63
"2262","2010-09-01",692.26,718.19
"2263","2010-09-02",695.2,728.52
"2264","2010-09-03",693.93,738.78
"2265","2010-09-06",693.93,738.78
"2266","2010-09-07",698.49,737.5
"2267","2010-09-08",697.49,741.02
"2268","2010-09-09",693.84,735.32
"2269","2010-09-10",691.4,734.95
"2270","2010-09-13",691.74,746.29
"2271","2010-09-14",705.39,756.7
"2272","2010-09-15",703.73,761.85
"2273","2010-09-16",706.56,769.26
"2274","2010-09-17",708.61,770.93
"2275","2010-09-20",710.45,770.46
"2276","2010-09-21",706.85,764.43
"2277","2010-09-22",716.73,779.8
"2278","2010-09-23",719.06,785.66
"2279","2010-09-24",720.06,792.55
"2280","2010-09-27",720.35,795.23
"2281","2010-09-28",725.73,803.97
"2282","2010-09-29",726.84,813.05
"2283","2010-09-30",726.46,808.2
"2284","2010-10-01",731.01,817.05
"2285","2010-10-04",730.46,816.18
"2286","2010-10-05",743.5,842.14
"2287","2010-10-06",747.61,853.48
"2288","2010-10-07",740.57,836.48
"2289","2010-10-08",746.28,855.78
"2290","2010-10-11",751.34,864.83
"2291","2010-10-12",747.07,857.35
"2292","2010-10-13",760.28,886.43
"2293","2010-10-14",764.22,905.06
"2294","2010-10-15",761.11,899.62
"2295","2010-10-18",761.18,904.26
"2296","2010-10-19",741.15,880.82
"2297","2010-10-20",745.71,883.93
"2298","2010-10-21",735.39,857.08
"2299","2010-10-22",735.12,856.31
"2300","2010-10-25",742.78,872.1
"2301","2010-10-26",742.62,882.69
"2302","2010-10-27",733.74,866.92
"2303","2010-10-28",744.79,884.37
"2304","2010-10-29",753.17,909.89
"2305","2010-11-01",749.29,909.46
"2306","2010-11-02",752.79,919.98
"2307","2010-11-03",742.08,905.17
"2308","2010-11-04",767.33,964.7
"2309","2010-11-05",775.43,990.81
"2310","2010-11-08",778.5,1016.18
"2311","2010-11-09",782.35,1070.83
"2312","2010-11-10",776.33,995.24
"2313","2010-11-11",778.6,1015.32
"2314","2010-11-12",757.61,961.06
"2315","2010-11-15",759.28,966.65
"2316","2010-11-16",742.55,934.84
"2317","2010-11-17",741.72,945.15
"2318","2010-11-18",750.64,994.07
"2319","2010-11-19",750.26,1006.82
"2320","2010-11-22",753.31,1017.24
"2321","2010-11-23",764.28,1021.35
"2322","2010-11-24",761.68,1019.73
"2323","2010-11-25",761.68,1019.73
"2324","2010-11-26",755.76,989.04
"2325","2010-11-29",757.54,1004.6
"2326","2010-11-30",767.85,1042.25
"2327","2010-12-01",769.07,1049.68
"2328","2010-12-02",769.63,1055.56
"2329","2010-12-03",779,1081.39
"2330","2010-12-06",784.49,1098.55
"2331","2010-12-07",780.56,1100.1
"2332","2010-12-08",766.27,1043.77
"2333","2010-12-09",771.6,1064.65
"2334","2010-12-10",767.22,1056.82
"2335","2010-12-13",774.49,1094.48
"2336","2010-12-14",777.98,1100.54
"2337","2010-12-15",767.96,1080.78
"2338","2010-12-16",759.54,1063.38
"2339","2010-12-17",764.09,1076.35
"2340","2010-12-20",767.92,1084.57
"2341","2010-12-21",769.42,1086.01
"2342","2010-12-22",768.64,1085.69
"2343","2010-12-23",764.82,1083.58
"2344","2010-12-24",764.82,1083.58
"2345","2010-12-27",766.16,1080.9
"2346","2010-12-28",778.74,1120.37
"2347","2010-12-29",783.12,1134.45
"2348","2010-12-30",778.92,1127.4
"2349","2010-12-31",787.51,1143.07
"2350","2011-01-03",788.35,1150.03
"2351","2011-01-04",763.92,1090.29
"2352","2011-01-05",761.1,1078.84
"2353","2011-01-06",759.99,1076.19
"2354","2011-01-07",758.45,1059.38
"2355","2011-01-10",761.34,1066.41
"2356","2011-01-11",767.01,1089.99
"2357","2011-01-12",767.81,1091.7
"2358","2011-01-13",768.48,1081.28
"2359","2011-01-14",753.76,1046.44
"2360","2011-01-17",753.76,1046.44
"2361","2011-01-18",757.98,1068.33
"2362","2011-01-19",759.15,1064.24
"2363","2011-01-20",745.92,1015.17
"2364","2011-01-21",742.88,1013.47
"2365","2011-01-24",744.78,1009.57
"2366","2011-01-25",738.03,990.51
"2367","2011-01-26",738.42,1002.45
"2368","2011-01-27",730.29,998.87
"2369","2011-01-28",742.41,1031.69
"2370","2011-01-31",738.43,1040.94
"2371","2011-02-01",741.65,1053.69
"2372","2011-02-02",737.11,1045.38
"2373","2011-02-03",748.68,1061.61
"2374","2011-02-04",746.47,1073.84
"2375","2011-02-07",746.04,1084.35
"2376","2011-02-08",754.84,1118.66
"2377","2011-02-09",755.62,1118.83
"2378","2011-02-10",753.96,1112.12
"2379","2011-02-11",752.8,1108.43
"2380","2011-02-14",755.41,1128.39
"2381","2011-02-15",760.39,1134.37
"2382","2011-02-16",760.95,1131.53
"2383","2011-02-17",766.49,1166.14
"2384","2011-02-18",768.43,1192.14
"2385","2011-02-21",768.43,1192.14
"2386","2011-02-22",775.35,1213.24
"2387","2011-02-23",782.5,1229.79
"2388","2011-02-24",783.49,1225.21
"2389","2011-02-25",779.9,1215.73
"2390","2011-02-28",780.24,1248.86
"2391","2011-03-01",792.03,1271.28
"2392","2011-03-02",795.63,1286.35
"2393","2011-03-03",783.85,1267.6
"2394","2011-03-04",790.6,1304.53
"2395","2011-03-07",793.88,1324.41
"2396","2011-03-08",789.85,1316.77
"2397","2011-03-09",791.18,1331.14
"2398","2011-03-10",781.72,1294.92
"2399","2011-03-11",786.78,1327.01
"2400","2011-03-14",788.5,1323.52
"2401","2011-03-15",770.76,1259.89
"2402","2011-03-16",772.58,1273.01
"2403","2011-03-17",777.06,1265.11
"2404","2011-03-18",783.64,1294.65
"2405","2011-03-21",789.34,1329.49
"2406","2011-03-22",790.07,1339.39
"2407","2011-03-23",795.82,1373.7
"2408","2011-03-24",794.11,1380.24
"2409","2011-03-25",789.24,1368.2
"2410","2011-03-28",785.77,1369.65
"2411","2011-03-29",783.67,1365.93
"2412","2011-03-30",787.76,1385.28
"2413","2011-03-31",796.06,1399.21
"2414","2011-04-01",789.98,1393.45
"2415","2011-04-04",792.25,1421.6
"2416","2011-04-05",803.03,1447.05
"2417","2011-04-06",806.35,1454.59
"2418","2011-04-07",806.79,1460.68
"2419","2011-04-08",814.98,1499.68
"2420","2011-04-11",811.66,1499.85
"2421","2011-04-12",803.65,1479.67
"2422","2011-04-13",804.75,1486.04
"2423","2011-04-14",814.04,1538.67
"2424","2011-04-15",821.56,1572.07
"2425","2011-04-18",825.38,1586.14
"2426","2011-04-19",826.6,1621.09
"2427","2011-04-20",828.7,1641.39
"2428","2011-04-21",831.41,1700.44
"2429","2011-04-22",831.41,1700.44
"2430","2011-04-25",834.35,1740.9
"2431","2011-04-26",831.25,1663.62
"2432","2011-04-27",838.77,1697.14
"2433","2011-04-28",846.57,1754.49
"2434","2011-04-29",860.51,1793.54
"2435","2011-05-02",860.9,1700.73
"2436","2011-05-03",851.67,1571.6
"2437","2011-05-04",837.79,1453.62
"2438","2011-05-05",819.05,1337.44
"2439","2011-05-06",824.69,1302.28
"2440","2011-05-09",831.1,1369.78
"2441","2011-05-10",838.68,1420.34
"2442","2011-05-11",830.11,1310.7
"2443","2011-05-12",833.05,1284.2
"2444","2011-05-13",825.76,1292.17
"2445","2011-05-16",824.1,1259.66
"2446","2011-05-17",818.25,1236.01
"2447","2011-05-18",827.03,1295.28
"2448","2011-05-19",825.1,1289.19
"2449","2011-05-20",834.16,1294.91
"2450","2011-05-23",837.75,1288.16
"2451","2011-05-24",842.06,1333.33
"2452","2011-05-25",844,1389.21
"2453","2011-05-26",841.74,1377.7
"2454","2011-05-27",849.25,1397.37
"2455","2011-05-30",849.25,1397.37
"2456","2011-05-31",848.98,1413.69
"2457","2011-06-01",852.52,1391.14
"2458","2011-06-02",846.72,1336.08
"2459","2011-06-03",852.08,1335.68
"2460","2011-06-06",854.73,1357.5
"2461","2011-06-07",852.97,1367.24
"2462","2011-06-08",850.04,1351.52
"2463","2011-06-09",852.25,1381.19
"2464","2011-06-10",844.79,1340.7
"2465","2011-06-13",837.28,1281.64
"2466","2011-06-14",842.15,1306.65
"2467","2011-06-15",843.14,1306.58
"2468","2011-06-16",845.19,1312.15
"2469","2011-06-17",850.27,1319.05
"2470","2011-06-20",851.88,1331.04
"2471","2011-06-21",854.31,1342.44
"2472","2011-06-22",858.18,1355.76
"2473","2011-06-23",840,1291.65
"2474","2011-06-24",829.17,1278.15
"2475","2011-06-27",826.69,1239.31
"2476","2011-06-28",828.79,1241.34
"2477","2011-06-29",834.43,1282.54
"2478","2011-06-30",830.23,1284.87
"2479","2011-07-01",819.07,1243.3
"2480","2011-07-04",819.07,1243.3
"2481","2011-07-05",835.7,1306.2
"2482","2011-07-06",844.82,1324.86
"2483","2011-07-07",845.59,1347.73
"2484","2011-07-08",851.67,1347.99
"2485","2011-07-11",855.87,1316.82
"2486","2011-07-12",863.1,1314.46
"2487","2011-07-13",875.87,1407.31
"2488","2011-07-14",877.93,1427.34
"2489","2011-07-15",878.37,1441.25
"2490","2011-07-18",885.21,1488.14
"2491","2011-07-19",884.5,1483.68
"2492","2011-07-20",882.24,1459.22
"2493","2011-07-21",876.77,1436.68
"2494","2011-07-22",884.83,1480.03
"2495","2011-07-25",890.73,1488.85
"2496","2011-07-26",893.44,1501.28
"2497","2011-07-27",892.34,1496.49
"2498","2011-07-28",891.73,1467.94
"2499","2011-07-29",900.01,1479.45
"2500","2011-08-01",894.77,1450.06
"2501","2011-08-02",907.36,1478.94
"2502","2011-08-03",919.39,1540.41
"2503","2011-08-04",915.36,1454.57
"2504","2011-08-05",911.39,1409.57
"2505","2011-08-08",945.28,1452.72
"2506","2011-08-09",961.72,1397.55
"2507","2011-08-10",984.51,1450.79
"2508","2011-08-11",966.42,1426.54
"2509","2011-08-12",961.51,1442.87
"2510","2011-08-15",970.01,1449.88
"2511","2011-08-16",984.91,1468.71
"2512","2011-08-17",989.76,1488.25
"2513","2011-08-18",1005.32,1500.71
"2514","2011-08-19",1021.99,1565.25
"2515","2011-08-22",1043.89,1598.35
"2516","2011-08-23",1027.01,1560.2
"2517","2011-08-24",969.63,1444.87
"2518","2011-08-25",972.88,1503.55
"2519","2011-08-26",991.7,1511.22
"2520","2011-08-29",988.55,1496.48
"2521","2011-08-30",1009.63,1528.29
"2522","2011-08-31",1010.68,1539.49
"2523","2011-09-01",1009.25,1530.8
"2524","2011-09-02",1035.62,1587.45
"2525","2011-09-05",1035.62,1587.45
"2526","2011-09-06",1033.64,1543.18
"2527","2011-09-07",1002.9,1534.45
"2528","2011-09-08",1024.92,1567.59
"2529","2011-09-09",1026.03,1534.19
"2530","2011-09-12",1000.54,1482.34
"2531","2011-09-13",1009.81,1518.31
"2532","2011-09-14",1007.82,1493.99
"2533","2011-09-15",982.94,1455.95
"2534","2011-09-16",1001.31,1504.97
"2535","2011-09-19",981.56,1443.49
"2536","2011-09-20",998.22,1479.39
"2537","2011-09-21",997.67,1491.63
"2538","2011-09-22",961.03,1348.21
"2539","2011-09-23",904.81,1109.48
"2540","2011-09-26",879.98,1104.88
"2541","2011-09-27",911.82,1162.38
"2542","2011-09-28",892.83,1110.7
"2543","2011-09-29",892.39,1125
"2544","2011-09-30",895.15,1108.82
"2545","2011-10-03",914.69,1135.07
"2546","2011-10-04",891.68,1099.83
"2547","2011-10-05",905.81,1118.74
"2548","2011-10-06",912.21,1179.67
"2549","2011-10-07",902.61,1142.37
"2550","2011-10-10",921.92,1178.75
"2551","2011-10-11",916.51,1179.41
"2552","2011-10-12",928.43,1208.57
"2553","2011-10-13",920.65,1167.21
"2554","2011-10-14",928.65,1185.86
"2555","2011-10-17",925.12,1172.89
"2556","2011-10-18",911.99,1173.26
"2557","2011-10-19",908.79,1152.84
"2558","2011-10-20",889.98,1116.13
"2559","2011-10-21",902.78,1149.75
"2560","2011-10-24",911.72,1166.37
"2561","2011-10-25",938.26,1218.27
"2562","2011-10-26",951.01,1227.78
"2563","2011-10-27",964.36,1294.2
"2564","2011-10-28",964.09,1300.69
"2565","2011-10-31",951.95,1266.27
"2566","2011-11-01",944.56,1206.44
"2567","2011-11-02",954.38,1251.12
"2568","2011-11-03",973.97,1271.58
"2569","2011-11-04",969,1256.32
"2570","2011-11-07",988.31,1283.74
"2571","2011-11-08",992.79,1295.75
"2572","2011-11-09",988.6,1266.59
"2573","2011-11-10",970.93,1257.21
"2574","2011-11-11",986.68,1278.58
"2575","2011-11-14",981.33,1254.34
"2576","2011-11-15",983.43,1270.31
"2577","2011-11-16",979.13,1247.05
"2578","2011-11-17",949.38,1161.51
"2579","2011-11-18",952.13,1195.36
"2580","2011-11-21",926.62,1147.46
"2581","2011-11-22",939.79,1215.3
"2582","2011-11-23",936.1,1176.05
"2583","2011-11-24",936.1,1176.05
"2584","2011-11-25",930.42,1143.96
"2585","2011-11-28",944.75,1186.28
"2586","2011-11-29",947.18,1175.53
"2587","2011-11-30",964.48,1206.96
"2588","2011-12-01",958.69,1205.3
"2589","2011-12-02",965.03,1202.62
"2590","2011-12-05",955.78,1191.07
"2591","2011-12-06",954.29,1204.75
"2592","2011-12-07",961.45,1200.45
"2593","2011-12-08",944.15,1160.38
"2594","2011-12-09",946.02,1186.69
"2595","2011-12-12",919.24,1140.66
"2596","2011-12-13",916.43,1150.15
"2597","2011-12-14",874.45,1064.61
"2598","2011-12-15",869.1,1077.08
"2599","2011-12-16",880.51,1091.69
"2600","2011-12-19",879.85,1062.36
"2601","2011-12-20",891.36,1086.72
"2602","2011-12-21",889.16,1076.16
"2603","2011-12-22",887.51,1068.73
"2604","2011-12-23",884.97,1070.09
"2605","2011-12-26",884.97,1070.09
"2606","2011-12-27",879.19,1057.44
"2607","2011-12-28",861.88,1002.03
"2608","2011-12-29",849.1,1005.01
"2609","2011-12-30",863.37,1027.08
"2610","2012-01-02",863.37,1027.08
"2611","2012-01-03",881.95,1088.05
"2612","2012-01-04",888.67,1070.58
"2613","2012-01-05",892.75,1077.9
"2614","2012-01-06",890.93,1055.34
"2615","2012-01-09",886.14,1058.99
"2616","2012-01-10",899.05,1097
"2617","2012-01-11",903.53,1099.76
"2618","2012-01-12",907.99,1108.37
"2619","2012-01-13",898.6,1086.22
"2620","2012-01-16",898.6,1086.22
"2621","2012-01-17",912.25,1108.77
"2622","2012-01-18",914.56,1123.79
"2623","2012-01-19",911.59,1122.54
"2624","2012-01-20",916.87,1165.44
"2625","2012-01-23",924.74,1187.33
"2626","2012-01-24",917.2,1176.48
"2627","2012-01-25",936.79,1218.65
"2628","2012-01-26",951.58,1241.53
"2629","2012-01-27",954.61,1243.27
"2630","2012-01-30",954.06,1233.59
"2631","2012-01-31",957.36,1223.84
"2632","2012-02-01",962.37,1243.9
"2633","2012-02-02",967.76,1257.44
"2634","2012-02-03",957.31,1241.77
"2635","2012-02-06",948.85,1241.81
"2636","2012-02-07",961.78,1258.15
"2637","2012-02-08",952.37,1240.12
"2638","2012-02-09",957.82,1247.97
"2639","2012-02-10",949.07,1236.47
"2640","2012-02-13",948.86,1240.81
"2641","2012-02-14",944.9,1227.08
"2642","2012-02-15",950.63,1229.36
"2643","2012-02-16",950.79,1228
"2644","2012-02-17",949.42,1222.32
"2645","2012-02-20",949.42,1222.32
"2646","2012-02-21",967.36,1267.06
"2647","2012-02-22",974.41,1260.75
"2648","2012-02-23",982.66,1308.79
"2649","2012-02-24",977.22,1300.86
"2650","2012-02-27",976.4,1307.63
"2651","2012-02-28",983.83,1366.43
"2652","2012-02-29",941.42,1272.3
"2653","2012-03-01",947.42,1309.73
"2654","2012-03-02",940.6,1268.01
"2655","2012-03-05",937.36,1237.54
"2656","2012-03-06",919.87,1204.05
"2657","2012-03-07",926.36,1233.51
"2658","2012-03-08",934.51,1242.54
"2659","2012-03-09",941.55,1256.54
"2660","2012-03-12",935.06,1227.2
"2661","2012-03-13",931.98,1233.38
"2662","2012-03-14",903.7,1181.96
"2663","2012-03-15",912.76,1201.98
"2664","2012-03-16",910.73,1197.5
"2665","2012-03-19",917.11,1210.4
"2666","2012-03-20",905.96,1169.23
"2667","2012-03-21",907.78,1183.67
"2668","2012-03-22",903.5,1151.28
"2669","2012-03-23",914.48,1185.33
"2670","2012-03-26",927.29,1202.9
"2671","2012-03-27",927.02,1197.98
"2672","2012-03-28",912.08,1169.15
"2673","2012-03-29",909,1175.06
"2674","2012-03-30",918.34,1193.14
"2675","2012-04-02",922.64,1215.7
"2676","2012-04-03",918.41,1221.83
"2677","2012-04-04",886.61,1140.26
"2678","2012-04-05",895.4,1165.46
"2679","2012-04-06",895.4,1165.46
"2680","2012-04-09",902.98,1157.9
"2681","2012-04-10",912.21,1163.6
"2682","2012-04-11",912,1157.81
"2683","2012-04-12",923.15,1194.69
"2684","2012-04-13",911.95,1153.04
"2685","2012-04-16",906.19,1152.49
"2686","2012-04-17",906.96,1163.57
"2687","2012-04-18",900.64,1156.68
"2688","2012-04-19",901.63,1167.46
"2689","2012-04-20",902.4,1162.81
"2690","2012-04-23",896.81,1121.72
"2691","2012-04-24",902.96,1129.64
"2692","2012-04-25",902.14,1115.35
"2693","2012-04-26",912.14,1146.54
"2694","2012-04-27",914.5,1151.5
"2695","2012-04-30",914.18,1137.02
"2696","2012-05-01",913.19,1133.87
"2697","2012-05-02",908.58,1123.43
"2698","2012-05-03",898.04,1100.15
"2699","2012-05-04",903.75,1115.63
"2700","2012-05-07",900.41,1104.27
"2701","2012-05-08",881.41,1079.97
"2702","2012-05-09",875.76,1071.98
"2703","2012-05-10",876.47,1069.67
"2704","2012-05-11",870.16,1059.12
"2705","2012-05-14",857.5,1039.44
"2706","2012-05-15",855.36,1029.43
"2707","2012-05-16",844.06,997.03
"2708","2012-05-17",865.13,1027.24
"2709","2012-05-18",874.51,1052.72
"2710","2012-05-21",872.76,1038.28
"2711","2012-05-22",866.07,1033.08
"2712","2012-05-23",850.61,1008.89
"2713","2012-05-24",855.65,1032.28
"2714","2012-05-25",861.91,1040.68
"2715","2012-05-28",861.91,1040.68
"2716","2012-05-29",850.84,1018.87
"2717","2012-05-30",858.9,1025.91
"2718","2012-05-31",858.08,1017.63
"2719","2012-06-01",889.85,1045.31
"2720","2012-06-04",885.36,1026.8
"2721","2012-06-05",887,1041.4
"2722","2012-06-06",896.5,1081.11
"2723","2012-06-07",871.15,1045.95
"2724","2012-06-08",873.02,1043.83
"2725","2012-06-11",875.99,1049.19
"2726","2012-06-12",885.32,1061.47
"2727","2012-06-13",888.39,1061.21
"2728","2012-06-14",888.5,1041.64
"2729","2012-06-15",893.17,1053.83
"2730","2012-06-18",892.57,1051.35
"2731","2012-06-19",890.49,1040.23
"2732","2012-06-20",886.43,1040.96
"2733","2012-06-21",858.84,984.15
"2734","2012-06-22",859.61,977.71
"2735","2012-06-25",871.41,1009.29
"2736","2012-06-26",864.01,991.59
"2737","2012-06-27",865.93,987.82
"2738","2012-06-28",850.57,961.89
"2739","2012-06-29",880.09,1010.22
"2740","2012-07-02",876.53,1006.09
"2741","2012-07-03",889.75,1034.67
"2742","2012-07-04",889.75,1034.67
"2743","2012-07-05",882.95,1012.43
"2744","2012-07-06",866.22,984.92
"2745","2012-07-09",871.83,1004.1
"2746","2012-07-10",866.74,983.54
"2747","2012-07-11",864.52,988.7
"2748","2012-07-12",858.79,993.75
"2749","2012-07-13",873.45,1001.36
"2750","2012-07-16",873.18,999.62
"2751","2012-07-17",872.04,999.44
"2752","2012-07-18",861.81,991.35
"2753","2012-07-19",867.06,995.82
"2754","2012-07-20",868.32,998.93
"2755","2012-07-23",865.38,989.43
"2756","2012-07-24",864.72,980.98
"2757","2012-07-25",882.18,1004.94
"2758","2012-07-26",886.06,1004.22
"2759","2012-07-27",887.65,1006.12
"2760","2012-07-30",888.37,1025.7
"2761","2012-07-31",883.23,1021.35
"2762","2012-08-01",879.24,1007.49
"2763","2012-08-02",870.16,987.73
"2764","2012-08-03",880.34,1017.23
"2765","2012-08-06",884.12,1019.51
"2766","2012-08-07",882.26,1027.67
"2767","2012-08-08",884.02,1027.28
"2768","2012-08-09",886.32,1028.09
"2769","2012-08-10",887.74,1026.84
"2770","2012-08-13",882.17,1016.08
"2771","2012-08-14",876.59,1015.93
"2772","2012-08-15",878.89,1017.72
"2773","2012-08-16",885.79,1032.39
"2774","2012-08-17",885.9,1024.7
"2775","2012-08-20",887.88,1046.27
"2776","2012-08-21",898.77,1076.77
"2777","2012-08-22",897.46,1081.41
"2778","2012-08-23",915.13,1114.28
"2779","2012-08-24",915.19,1120.38
"2780","2012-08-27",916.67,1136
"2781","2012-08-28",913.45,1129.66
"2782","2012-08-29",909.78,1128.17
"2783","2012-08-30",906.56,1110.8
"2784","2012-08-31",923.25,1147.15
"2785","2012-09-03",923.25,1147.15
"2786","2012-09-04",927.85,1182.51
"2787","2012-09-05",926.76,1179.52
"2788","2012-09-06",933.11,1192.12
"2789","2012-09-07",952.21,1229.19
"2790","2012-09-10",947.45,1227.12
"2791","2012-09-11",949.15,1224.68
"2792","2012-09-12",948.5,1214.68
"2793","2012-09-13",969.51,1268.9
"2794","2012-09-14",969.84,1264.46
"2795","2012-09-17",968.7,1253.92
"2796","2012-09-18",969.03,1266.73
"2797","2012-09-19",969.31,1261.99
"2798","2012-09-20",968.49,1265.43
"2799","2012-09-21",972.76,1263.82
"2800","2012-09-24",965.44,1239.97
"2801","2012-09-25",966.43,1238.66
"2802","2012-09-26",959.43,1238.38
"2803","2012-09-27",974.15,1264.87
"2804","2012-09-28",970.54,1261.62
"2805","2012-10-01",975.69,1275.32
"2806","2012-10-02",971.48,1264.99
"2807","2012-10-03",973.78,1265.76
"2808","2012-10-04",982.92,1280.76
"2809","2012-10-05",974.33,1261.46
"2810","2012-10-08",971.55,1241.22
"2811","2012-10-09",965.7,1240.06
"2812","2012-10-10",965.75,1244.59
"2813","2012-10-11",968.76,1243.6
"2814","2012-10-12",962.8,1228.54
"2815","2012-10-15",950.72,1194.76
"2816","2012-10-16",955.48,1202.64
"2817","2012-10-17",959.15,1212.61
"2818","2012-10-18",954.61,1199.33
"2819","2012-10-19",943.29,1171.2
"2820","2012-10-22",944.56,1176.87
"2821","2012-10-23",935.31,1160.12
"2822","2012-10-24",931.05,1153.81
"2823","2012-10-25",937.29,1170.53
"2824","2012-10-26",936.69,1169
"2825","2012-10-29",934.94,1158.39
"2826","2012-10-30",936.81,1160.98
"2827","2012-10-31",940.64,1179.23
"2828","2012-11-01",938.68,1176.76
"2829","2012-11-02",916.63,1126
"2830","2012-11-05",921.01,1135.9
"2831","2012-11-06",938.42,1168.97
"2832","2012-11-07",937.87,1155.36
"2833","2012-11-08",944.45,1176.49
"2834","2012-11-09",947.13,1189.64
"2835","2012-11-12",947.14,1186.85
"2836","2012-11-13",943.81,1185.58
"2837","2012-11-14",946.76,1199.88
"2838","2012-11-15",937.8,1192.39
"2839","2012-11-16",938.24,1181.22
"2840","2012-11-19",949.07,1211.15
"2841","2012-11-20",943.17,1201.8
"2842","2012-11-21",945.74,1217.16
"2843","2012-11-22",945.74,1217.16
"2844","2012-11-23",958.43,1245.09
"2845","2012-11-26",957.45,1245.93
"2846","2012-11-27",953.52,1240.29
"2847","2012-11-28",939.31,1229.23
"2848","2012-11-29",945.16,1253.3
"2849","2012-11-30",935.98,1211.37
"2850","2012-12-03",940.58,1228.85
"2851","2012-12-04",926.76,1194.23
"2852","2012-12-05",925.67,1199.66
"2853","2012-12-06",930.04,1205.38
"2854","2012-12-07",932.07,1206
"2855","2012-12-10",936.94,1214.96
"2856","2012-12-11",934.32,1201.86
"2857","2012-12-12",938.85,1229.71
"2858","2012-12-13",927.33,1177.77
"2859","2012-12-14",927.44,1175.74
"2860","2012-12-17",928.1,1175.05
"2861","2012-12-18",913.07,1152.81
"2862","2012-12-19",911.43,1132.68
"2863","2012-12-20",899.52,1080.34
"2864","2012-12-21",907.28,1099.45
"2865","2012-12-24",906.96,1088.32
"2866","2012-12-25",906.96,1088.32
"2867","2012-12-26",907.61,1093.34
"2868","2012-12-27",909.26,1100.81
"2869","2012-12-28",905,1091.16
"2870","2012-12-31",915.88,1100.34
